video_title,comment_text,is_sarcastic
Adobe After Effects vs Apple Motion,"Haha, Wow, the user interface is so hidden I need a map to find the timeline. So brave.",1
Monsoon arrives in Namma Bengaluru,"Haha, Ah yes, paying for a premium flight just to sit on the tarmac for 2 hours. 🙄",1
Color Grading in Pixelmator Pro,"Haha, Wow, the user interface is so hidden I need a map to find the timeline....",1
Best FxPlug Plugins for Creators,"Brilliant. Oh good, another subscription model to drain my bank account. 🙄",1
Taking a flight from Patna to Bengaluru,Thanks! The metro extension is really helping with the commute. Thanks for sharing.,0
Best street food in Bengaluru,"Wow, So affordable! I only had to sell one kidney for the deposit. 🙄",1
Best FxPlug Plugins for Creators,Brilliant. Rendering this 4K video only took 3 days. Blazing fast. 🙄,1
Adobe After Effects vs Apple Motion,I love it when the software crashes right before I hit save. Adds excitement. 🙄,1
Best street food in Bengaluru,"Wow, I love how the potholes are practically historical landmarks now. Incredible.",1
A day in the life of an MCA student at Presidency University,"Honestly, I'm moving there next month, this was very informative.",0
A day in the life of an MCA student at Presidency University,"Haha, The auto driver asked for 500 rupees to cross the street. Fair price. So brave.",1
Why Python is the absolute fastest language,"I agree, Very concise and to the point. Subscribed. 🙏",0
Building a mechanical keyboard from scratch,"Wow, Oh wow, paying ₹1.5 Lakhs for 8GB RAM is truly revolutionary....",1
Final Cut Pro 2026 Full Tutorial,"Oh, Oh good, another subscription model to drain my bank account. Just what I needed.",1
Taking a flight from Patna to Bengaluru,"Haha, I enjoy swimming to the campus every July. Incredible.",1
Is Web3 the future of the internet?,Brilliant. Next they will sell us the screen and keyboard separately. 🙄,1
Bengaluru Traffic Timelapse (Silk Board),"Thanks! I'm moving there next month, this was very informative. Thanks for sharing.",0
Best street food in Bengaluru,"Truly, Nothing like a 2-hour commute for a 5km distance to build character. Masterpiece.",1
Color Grading in Pixelmator Pro,"Wow, Wow, the user interface is so hidden I need a map to find the timeline. Incredible.",1
Best FxPlug Plugins for Creators,"Great video. Thanks for the deep dive into Apple Motion, very underrated software. 🔥",0
Why Python is the absolute fastest language,"Ah yes, Amazing. You just invented the `if` statement. Just what I needed.",1
Best street food in Bengaluru,"Honestly, I really miss the weather there. Enjoy it! 🙏",0
Final Cut Pro 2026 Full Tutorial,"I agree, This transition pack actually looks very clean and professional. 🙏",0
Color Grading in Pixelmator Pro,Brilliant. My favorite feature is how it eats 64GB of RAM instantly. 🙄,1
Using Light Theme in VS Code,Awesome. I think Java still holds up incredibly well for large enterprise systems. Thanks for sharing.,0
DIY Autonomous Car with LiDAR Sensor,"Good thorough review, especially the thermal testing. 👍",0
Is Web3 the future of the internet?,Great video. What switches did you use? They sound really smooth. 🔥,0
Taking a flight from Patna to Bengaluru,"Lmao, Wow, I think I saw a car move three entire inches in that hour. Thrilling pace. Incredible.",1
Taking a flight from Patna to Bengaluru,"Oh, I love how the potholes are practically historical landmarks now. Masterpiece.",1
Building a mechanical keyboard from scratch,"Truly, I definitely want to pay a $40 gas fee just to like a tweet. Sign me up. 🤡",1
Adobe After Effects vs Apple Motion,"I've been looking for a tutorial on writing custom FxPlug plugins, thank you! Very helpful.",0
DIY Autonomous Car with LiDAR Sensor,Awesome. I've been using it for a week and the battery life is insane. 🔥,0
Bengaluru Traffic Timelapse (Silk Board),"Lmao, I enjoy swimming to the campus every July.",1
The new 8GB RAM MacBook Pro in 2026,Awesome. The upgraded processing power makes it perfect for my autonomous drone project.,0
Adobe After Effects vs Apple Motion,"I agree, Pixelmator Pro is seriously giving Adobe a run for their money. 🔥",0
Final Cut Pro 2026 Full Tutorial,Thanks! Your audio mixing tips at the end were a lifesaver. Very helpful.,0
Understanding Pointers in C,This tutorial fixed my marriage....,1
Color Grading in Pixelmator Pro,"Truly, Rendering this 4K video only took 3 days. Blazing fast. 🙃",1
Building a mechanical keyboard from scratch,"Oh, Can't wait to buy the charger separately for another $200....",1
Java vs C++ for Competitive Programming,"I agree, Very concise and to the point. Subscribed. Very helpful.",0
Java vs C++ for Competitive Programming,Great video. Very concise and to the point. Subscribed.,0
Learning PHP in 2026,"Great video. I prefer using Docker for this, but your method works great too. Thanks for sharing.",0
Why Python is the absolute fastest language,"Wow, Finally got my environment running. Appreciate the clear step-by-step instructions. Keep it up!",0
The new 8GB RAM MacBook Pro in 2026,"Truly, Next they will sell us the screen and keyboard separately. Incredible.",1
Building a Flask API for my Assignment Tracker,"I agree, This is the most straightforward explanation I have ever seen. 🙏",0
Building a Flask API for my Assignment Tracker,"Honestly, I didn't know about that shortcut, very helpful. 🔥",0
Final Cut Pro 2026 Full Tutorial,"Ah yes, Ah, paying $50 for a plugin that just shakes the screen. Worth it. 🤡",1
Apple announces new $999 Monitor Stand,"Oh, Wow, it's 1% faster than last year. Innovation has peaked. Incredible.",1
Monsoon arrives in Namma Bengaluru,The paneer butter masala at that last spot looked amazing. Definitely visiting next time.,0
Understanding Pointers in C,"Lmao, Wow, so fast! It only took 3 hours to print Hello World. Masterpiece.",1
Using Light Theme in VS Code,"Sure it did, buddy. And I am the Queen of England. So brave.",1
A day in the life of an MCA student at Presidency University,"Oh, Only 40k rent for a broom closet? What a steal!",1
How to center a div in CSS,"Great video. I prefer using Docker for this, but your method works great too. Very helpful.",0
Using Light Theme in VS Code,"Truly, I copy-pasted this and my computer caught fire. Thanks! 🤡",1
Adobe After Effects vs Apple Motion,Great video. Pixelmator Pro is seriously giving Adobe a run for their money. 👍,0
Monsoon arrives in Namma Bengaluru,"I agree, Beautiful shots of Cubbon Park. So green! 🔥",0
Bengaluru Traffic Timelapse (Silk Board),"Truly, Only 40k rent for a broom closet? What a steal!",1
Using Light Theme in VS Code,Great video. Finally got my environment running. Appreciate the clear step-by-step instructions. Thanks for sharing.,0
Is Web3 the future of the internet?,Thanks! Great camera test! The low light performance is impressive. 🙏,0
Understanding Pointers in C,"Ah yes, Oh, absolutely. I love measuring my execution time with a calendar. 🤡",1
The new 8GB RAM MacBook Pro in 2026,"Wow, I think it's worth the upgrade if you are coming from an older model. 🔥",0
I Built a Machine Learning Model in 5 Minutes,"I agree, Thanks for the visual diagram, it really helped me understand how the pointers swap. 👍",0
Reviewing the new Raspberry Pi 6,"Brilliant. Oh wow, paying ₹1.5 Lakhs for 8GB RAM is truly revolutionary. So brave.",1
Final Cut Pro 2026 Full Tutorial,"Wow, Pixelmator Pro is seriously giving Adobe a run for their money. Keep it up!",0
Color Grading in Pixelmator Pro,"Ah yes, Wow, the user interface is so hidden I need a map to find the timeline....",1
A day in the life of an MCA student at Presidency University,"Truly, Nothing like a 2-hour commute for a 5km distance to build character. So brave.",1
Final Cut Pro 2026 Full Tutorial,"Ah yes, Oh good, another subscription model to drain my bank account....",1
Reviewing the new Raspberry Pi 6,"Truly, Finally, a reasonably priced piece of metal. My desk was feeling too cheap. So brave.",1
Monsoon arrives in Namma Bengaluru,"Honestly, The metro extension is really helping with the commute. Keep it up!",0
The new 8GB RAM MacBook Pro in 2026,Can't wait to buy the charger separately for another $200. 🤡,1
Adobe After Effects vs Apple Motion,The magnetic timeline in FCP makes editing so much faster for my workflow. Very helpful.,0
My Code Compiled on the First Try!,"This saved me hours of debugging my MCA assignment, thank you so much! Keep it up!",0
My Code Compiled on the First Try!,Brilliant. Because nothing says 'relaxing weekend' like a catastrophic database failure. Incredible.,1
Understanding Pointers in C,"Truly, Because nothing says 'relaxing weekend' like a catastrophic database failure. 🤡",1
Building a mechanical keyboard from scratch,Great video. I've been using it for a week and the battery life is insane. 👍,0
Is Web3 the future of the internet?,Awesome. I think it's worth the upgrade if you are coming from an older model.,0
Understanding Pointers in C,"Truly, Oh, absolutely. I love measuring my execution time with a calendar. Masterpiece.",1
Taking a flight from Patna to Bengaluru,"Wow, The biryani you ordered looks fantastic. Thanks for sharing.",0
A day in the life of an MCA student at Presidency University,"Ah, the Venice of India. Time to get my gondola out. So brave.",1
Color Grading in Pixelmator Pro,Awesome. Your audio mixing tips at the end were a lifesaver. 🙏,0
Best street food in Bengaluru,"Lmao, Wow, I think I saw a car move three entire inches in that hour. Thrilling pace. So brave.",1
DIY Autonomous Car with LiDAR Sensor,Awesome. I think it's worth the upgrade if you are coming from an older model. 🙏,0
Final Cut Pro 2026 Full Tutorial,Awesome. The new color grading tools are a massive step up from last year. 🙏,0
Final Cut Pro 2026 Full Tutorial,Awesome. The magnetic timeline in FCP makes editing so much faster for my workflow. 🙏,0
Is Web3 the future of the internet?,"Wow, Good thorough review, especially the thermal testing. 🙏",0
Learning PHP in 2026,Brilliant. This tutorial fixed my marriage.,1
My Code Compiled on the First Try!,"Lmao, Amazing. You just invented the `if` statement. 🤡",1
Renting a 1BHK in Indiranagar 2026,Brilliant. I love how the potholes are practically historical landmarks now. 🙄,1
Final Cut Pro 2026 Full Tutorial,"Haha, Wow, the user interface is so hidden I need a map to find the timeline. 🤡",1
Deploying to Production on Friday at 5 PM,"Wow, Finally got my environment running. Appreciate the clear step-by-step instructions. Keep it up!",0
Java vs C++ for Competitive Programming,Great video. Great perspective. Focusing only on what you can control is essential. 🙏,0
A day in the life of an MCA student at Presidency University,Thanks! Love the local culture and vibe of this city.,0
Best FxPlug Plugins for Creators,Brilliant. My favorite feature is how it eats 64GB of RAM instantly. Just what I needed.,1
Color Grading in Pixelmator Pro,"Honestly, Pixelmator Pro is seriously giving Adobe a run for their money. Very helpful.",0
Is Web3 the future of the internet?,"Brilliant. Finally, a reasonably priced piece of metal. My desk was feeling too cheap.",1
Monsoon arrives in Namma Bengaluru,"Wow, The biryani you ordered looks fantastic. Very helpful.",0
Final Cut Pro 2026 Full Tutorial,Brilliant. Rendering this 4K video only took 3 days. Blazing fast. 🤡,1
Learning PHP in 2026,Great video. Great perspective. Focusing only on what you can control is essential. 👍,0
Learning PHP in 2026,"Great video. Thanks for the visual diagram, it really helped me understand how the pointers swap. Very helpful.",0
Understanding Pointers in C,"Wow, Ah yes, the most unsolved problem in modern physics. Incredible.",1
Renting a 1BHK in Indiranagar 2026,"Lmao, Ah, the Venice of India. Time to get my gondola out. Just what I needed.",1
Monsoon arrives in Namma Bengaluru,Great video. I really miss the weather there. Enjoy it! Keep it up!,0
Using Light Theme in VS Code,"Truly, Because nothing says 'relaxing weekend' like a catastrophic database failure. 🤡",1
Color Grading in Pixelmator Pro,Awesome. The new color grading tools are a massive step up from last year.,0
Color Grading in Pixelmator Pro,"Wow, Wow, the user interface is so hidden I need a map to find the timeline. Incredible.",1
Final Cut Pro 2026 Full Tutorial,"Wow, Rendering this 4K video only took 3 days. Blazing fast. Masterpiece.",1
Renting a 1BHK in Indiranagar 2026,"Truly, Only 40k rent for a broom closet? What a steal! 🙄",1
Using Light Theme in VS Code,"Brilliant. Yes, and my HTML code is self-aware now. 🙃",1
Java vs C++ for Competitive Programming,"Wow, I prefer using Docker for this, but your method works great too. 👍",0
Why Python is the absolute fastest language,"Lmao, I copy-pasted this and my computer caught fire. Thanks! Masterpiece.",1
Monsoon arrives in Namma Bengaluru,"Oh, Nothing like a 2-hour commute for a 5km distance to build character. Masterpiece.",1
The new 8GB RAM MacBook Pro in 2026,"Lmao, Ah yes, exactly what I needed: another proprietary port. 🤡",1
Taking a flight from Patna to Bengaluru,"Haha, Wow, I think I saw a car move three entire inches in that hour. Thrilling pace. 🤡",1
Java vs C++ for Competitive Programming,"Truly, Ah yes, the most unsolved problem in modern physics. Masterpiece.",1
Monsoon arrives in Namma Bengaluru,Great video. Great vlog! Brings back memories from my college days. 🔥,0
Adobe After Effects vs Apple Motion,"I've been looking for a tutorial on writing custom FxPlug plugins, thank you! Keep it up!",0
Building a Flask API for my Assignment Tracker,"Honestly, Thanks for the visual diagram, it really helped me understand how the pointers swap. 🔥",0
Deploying to Production on Friday at 5 PM,"Haha, Because nothing says 'relaxing weekend' like a catastrophic database failure. 🙃",1
Deploying to Production on Friday at 5 PM,"Wow, so fast! It only took 3 hours to print Hello World. 🤡",1
How to center a div in CSS,"Thanks! I prefer using Docker for this, but your method works great too.",0
Color Grading in Pixelmator Pro,"Lmao, I love it when the software crashes right before I hit save. Adds excitement. 🙄",1
Apple announces new $999 Monitor Stand,The upgraded processing power makes it perfect for my autonomous drone project.,0
How to center a div in CSS,"Ah yes, Oh, absolutely. I love measuring my execution time with a calendar....",1
Java vs C++ for Competitive Programming,Awesome. I think Java still holds up incredibly well for large enterprise systems. 🙏,0
Monsoon arrives in Namma Bengaluru,"Honestly, The paneer butter masala at that last spot looked amazing. Definitely visiting next time. Thanks for sharing.",0
Why Python is the absolute fastest language,"Lmao, I'm sure the memory leaks are just 'undocumented features'.",1
Best FxPlug Plugins for Creators,"Oh, Rendering this 4K video only took 3 days. Blazing fast. 🙄",1
Best FxPlug Plugins for Creators,"Wow, Thanks for the deep dive into Apple Motion, very underrated software. 👍",0
Renting a 1BHK in Indiranagar 2026,"Truly, The auto driver asked for 500 rupees to cross the street. Fair price. Incredible.",1
Adobe After Effects vs Apple Motion,"Haha, Wow, the user interface is so hidden I need a map to find the timeline. 🙃",1
My Code Compiled on the First Try!,"Haha, Because nothing says 'relaxing weekend' like a catastrophic database failure. 🤡",1
DIY Autonomous Car with LiDAR Sensor,"Haha, I love replacing my entire motherboard just to upgrade the storage. Incredible.",1
Best street food in Bengaluru,Thanks! I really miss the weather there. Enjoy it! Keep it up!,0
Renting a 1BHK in Indiranagar 2026,"Wow, I think I saw a car move three entire inches in that hour. Thrilling pace....",1
Final Cut Pro 2026 Full Tutorial,"Truly, Yes, because I definitely needed 400 new transition wipes. 🤡",1
Building a mechanical keyboard from scratch,Awesome. What switches did you use? They sound really smooth. Very helpful.,0
DIY Autonomous Car with LiDAR Sensor,I think it's worth the upgrade if you are coming from an older model. 🔥,0
The new 8GB RAM MacBook Pro in 2026,Great video. Great camera test! The low light performance is impressive.,0
Best FxPlug Plugins for Creators,"Wow, The magnetic timeline in FCP makes editing so much faster for my workflow. Thanks for sharing.",0
Java vs C++ for Competitive Programming,"Honestly, Thanks for the visual diagram, it really helped me understand how the pointers swap. 👍",0
Renting a 1BHK in Indiranagar 2026,"Wow, The metro extension is really helping with the commute. 🔥",0
Reviewing the new Raspberry Pi 6,Great video. I think it's worth the upgrade if you are coming from an older model. 🙏,0
Best FxPlug Plugins for Creators,"Truly, Oh good, another subscription model to drain my bank account. 🙄",1
Taking a flight from Patna to Bengaluru,Awesome. Love the local culture and vibe of this city. 🔥,0
DIY Autonomous Car with LiDAR Sensor,"Ah yes, I definitely want to pay a $40 gas fee just to like a tweet. Sign me up. Masterpiece.",1
Adobe After Effects vs Apple Motion,"Yes, because I definitely needed 400 new transition wipes. 🤡",1
Why Python is the absolute fastest language,"Ah yes, the most unsolved problem in modern physics. 🙃",1
How to center a div in CSS,"Wow, I prefer using Docker for this, but your method works great too. Thanks for sharing.",0
Adobe After Effects vs Apple Motion,"Wow, Rendering this 4K video only took 3 days. Blazing fast. So brave.",1
Apple announces new $999 Monitor Stand,Thanks! Great camera test! The low light performance is impressive. 🔥,0
Adobe After Effects vs Apple Motion,"Truly, My favorite feature is how it eats 64GB of RAM instantly. Incredible.",1
Bengaluru Traffic Timelapse (Silk Board),Thanks! The paneer butter masala at that last spot looked amazing. Definitely visiting next time. 👍,0
Final Cut Pro 2026 Full Tutorial,"Oh, My favorite feature is how it eats 64GB of RAM instantly. So brave.",1
How to center a div in CSS,"Honestly, This is the most straightforward explanation I have ever seen. Thanks for sharing.",0
Building a mechanical keyboard from scratch,"Ah yes, Can't wait to buy the charger separately for another $200....",1
Renting a 1BHK in Indiranagar 2026,"Wow, Great vlog! Brings back memories from my college days. Keep it up!",0
I Built a Machine Learning Model in 5 Minutes,"I agree, This is the most straightforward explanation I have ever seen.",0
Is Web3 the future of the internet?,"Haha, So generous of them! Next year maybe we will get a floppy disk drive too. 🙄",1
Adobe After Effects vs Apple Motion,"Honestly, The magnetic timeline in FCP makes editing so much faster for my workflow. 🔥",0
Is Web3 the future of the internet?,"Ah yes, I love replacing my entire motherboard just to upgrade the storage. Incredible.",1
Best FxPlug Plugins for Creators,"Brilliant. Yes, because I definitely needed 400 new transition wipes. 🤡",1
Deploying to Production on Friday at 5 PM,"Lmao, I copy-pasted this and my computer caught fire. Thanks!",1
Taking a flight from Patna to Bengaluru,"Oh, Great, more IT parks. Exactly what the traffic needed. 🤡",1
Final Cut Pro 2026 Full Tutorial,"Lmao, My favorite feature is how it eats 64GB of RAM instantly. 🙄",1
Color Grading in Pixelmator Pro,"Brilliant. Yes, because I definitely needed 400 new transition wipes. 🙃",1
How to center a div in CSS,"Lmao, Wow, so fast! It only took 3 hours to print Hello World. Just what I needed.",1
Java vs C++ for Competitive Programming,Great video. Finally got my environment running. Appreciate the clear step-by-step instructions. 🙏,0
Understanding Pointers in C,"Truly, I'm sure the memory leaks are just 'undocumented features'. 🙄",1
A day in the life of an MCA student at Presidency University,"I agree, The biryani you ordered looks fantastic. 👍",0
Reviewing the new Raspberry Pi 6,What switches did you use? They sound really smooth. Very helpful.,0
Apple announces new $999 Monitor Stand,Thanks! Great camera test! The low light performance is impressive. 🔥,0
Why Python is the absolute fastest language,"Honestly, Great perspective. Focusing only on what you can control is essential. 👍",0
I Built a Machine Learning Model in 5 Minutes,"Honestly, I think Java still holds up incredibly well for large enterprise systems. Keep it up!",0
Best street food in Bengaluru,"Wow, The auto driver asked for 500 rupees to cross the street. Fair price. 🤡",1
Taking a flight from Patna to Bengaluru,"Awesome. I'm moving there next month, this was very informative. Keep it up!",0
The new 8GB RAM MacBook Pro in 2026,"Wow, What switches did you use? They sound really smooth. Thanks for sharing.",0
Learning PHP in 2026,Awesome. Finally got my environment running. Appreciate the clear step-by-step instructions. 🙏,0
A day in the life of an MCA student at Presidency University,"Honestly, The paneer butter masala at that last spot looked amazing. Definitely visiting next time. 🔥",0
Apple announces new $999 Monitor Stand,Brilliant. Can't wait to buy the charger separately for another $200.,1
Monsoon arrives in Namma Bengaluru,"Oh, The auto driver asked for 500 rupees to cross the street. Fair price. Just what I needed.",1
Adobe After Effects vs Apple Motion,"I agree, This transition pack actually looks very clean and professional. Keep it up!",0
Using Light Theme in VS Code,"Lmao, Oh, absolutely. I love measuring my execution time with a calendar. Incredible.",1
Renting a 1BHK in Indiranagar 2026,"Wow, The metro extension is really helping with the commute. Keep it up!",0
Best FxPlug Plugins for Creators,"Truly, Wow, the user interface is so hidden I need a map to find the timeline. Masterpiece.",1
Adobe After Effects vs Apple Motion,"Oh, I love it when the software crashes right before I hit save. Adds excitement. Just what I needed.",1
Adobe After Effects vs Apple Motion,Awesome. This transition pack actually looks very clean and professional. 🙏,0
Is Web3 the future of the internet?,"Honestly, I've been using it for a week and the battery life is insane. 🔥",0
Adobe After Effects vs Apple Motion,"I agree, Your audio mixing tips at the end were a lifesaver. Thanks for sharing.",0
Renting a 1BHK in Indiranagar 2026,"Ah yes, Nothing like a 2-hour commute for a 5km distance to build character. 🤡",1
Using Light Theme in VS Code,"Truly, Wow, so fast! It only took 3 hours to print Hello World. Incredible.",1
Color Grading in Pixelmator Pro,"Wow, the user interface is so hidden I need a map to find the timeline. Incredible.",1
Final Cut Pro 2026 Full Tutorial,"Truly, Ah, paying $50 for a plugin that just shakes the screen. Worth it. So brave.",1
Final Cut Pro 2026 Full Tutorial,"Oh, Yes, because I definitely needed 400 new transition wipes. Just what I needed.",1
Is Web3 the future of the internet?,"Great video. I actually like the new design, feels very premium. 🙏",0
I Built a Machine Learning Model in 5 Minutes,"I agree, This is the most straightforward explanation I have ever seen.",0
Java vs C++ for Competitive Programming,Great video. Great perspective. Focusing only on what you can control is essential. 👍,0
Best street food in Bengaluru,"I'm moving there next month, this was very informative. Thanks for sharing.",0
Color Grading in Pixelmator Pro,"Honestly, Pixelmator Pro is seriously giving Adobe a run for their money. 🔥",0
Why Python is the absolute fastest language,Brilliant. I'm sure the memory leaks are just 'undocumented features'. 🙃,1
Reviewing the new Raspberry Pi 6,Great video. Great camera test! The low light performance is impressive. Thanks for sharing.,0
Is Web3 the future of the internet?,"Great video. Good thorough review, especially the thermal testing. Very helpful.",0
Taking a flight from Patna to Bengaluru,"Haha, Nothing like a 2-hour commute for a 5km distance to build character....",1
Building a Flask API for my Assignment Tracker,"Lmao, I'm sure the memory leaks are just 'undocumented features'. 🙃",1
Learning PHP in 2026,"Oh, Wow, so fast! It only took 3 hours to print Hello World. 🤡",1
Final Cut Pro 2026 Full Tutorial,"Haha, My favorite feature is how it eats 64GB of RAM instantly.",1
Final Cut Pro 2026 Full Tutorial,"Truly, My favorite feature is how it eats 64GB of RAM instantly. Masterpiece.",1
Reviewing the new Raspberry Pi 6,"Honestly, Good thorough review, especially the thermal testing. Very helpful.",0
Bengaluru Traffic Timelapse (Silk Board),"Great, more IT parks. Exactly what the traffic needed. 🙃",1
Monsoon arrives in Namma Bengaluru,Thanks! The metro extension is really helping with the commute. 🙏,0
Building a Flask API for my Assignment Tracker,"Lmao, Amazing. You just invented the `if` statement. Masterpiece.",1
Adobe After Effects vs Apple Motion,"Wow, Pixelmator Pro is seriously giving Adobe a run for their money. Keep it up!",0
Adobe After Effects vs Apple Motion,"Awesome. Thanks for the deep dive into Apple Motion, very underrated software. Very helpful.",0
Taking a flight from Patna to Bengaluru,"Truly, Only 40k rent for a broom closet? What a steal! 🤡",1
Best FxPlug Plugins for Creators,"Ah yes, I love it when the software crashes right before I hit save. Adds excitement. 🙄",1
Why Python is the absolute fastest language,"Lmao, Wow, so fast! It only took 3 hours to print Hello World. So brave.",1
Color Grading in Pixelmator Pro,"I agree, The magnetic timeline in FCP makes editing so much faster for my workflow. 🙏",0
My Code Compiled on the First Try!,Brilliant. Because nothing says 'relaxing weekend' like a catastrophic database failure. Incredible.,1
Renting a 1BHK in Indiranagar 2026,"Wow, The biryani you ordered looks fantastic. 🔥",0
The new 8GB RAM MacBook Pro in 2026,"Oh, So generous of them! Next year maybe we will get a floppy disk drive too. 🤡",1
Understanding Pointers in C,"Brilliant. Ah yes, the most unsolved problem in modern physics. 🙄",1
Bengaluru Traffic Timelapse (Silk Board),"I agree, Love the local culture and vibe of this city. Keep it up!",0
The new 8GB RAM MacBook Pro in 2026,"Wow, I love replacing my entire motherboard just to upgrade the storage. 🙃",1
A day in the life of an MCA student at Presidency University,"Truly, Only 40k rent for a broom closet? What a steal! Masterpiece.",1
Building a mechanical keyboard from scratch,"I agree, Thanks for comparing it with the previous generation. Keep it up!",0
A day in the life of an MCA student at Presidency University,Brilliant. I love how the potholes are practically historical landmarks now. So brave.,1
Best FxPlug Plugins for Creators,Thanks! Pixelmator Pro is seriously giving Adobe a run for their money. 🔥,0
Adobe After Effects vs Apple Motion,"Ah yes, My favorite feature is how it eats 64GB of RAM instantly. Just what I needed.",1
Best FxPlug Plugins for Creators,"Honestly, Thanks for the deep dive into Apple Motion, very underrated software. 🔥",0
Bengaluru Traffic Timelapse (Silk Board),Brilliant. The auto driver asked for 500 rupees to cross the street. Fair price. Masterpiece.,1
Reviewing the new Raspberry Pi 6,"Lmao, Oh wow, paying ₹1.5 Lakhs for 8GB RAM is truly revolutionary. Masterpiece.",1
Final Cut Pro 2026 Full Tutorial,"Honestly, Thanks for the deep dive into Apple Motion, very underrated software. Keep it up!",0
Bengaluru Traffic Timelapse (Silk Board),"Brilliant. Wow, I think I saw a car move three entire inches in that hour. Thrilling pace. 🙃",1
Reviewing the new Raspberry Pi 6,"Thanks! I actually like the new design, feels very premium. Very helpful.",0
Final Cut Pro 2026 Full Tutorial,"Ah yes, Rendering this 4K video only took 3 days. Blazing fast. Incredible.",1
Renting a 1BHK in Indiranagar 2026,"Thanks! I'm moving there next month, this was very informative. Keep it up!",0
Learning PHP in 2026,Awesome. Great perspective. Focusing only on what you can control is essential. 🙏,0
Final Cut Pro 2026 Full Tutorial,"I agree, Thanks for the deep dive into Apple Motion, very underrated software. Thanks for sharing.",0
Best street food in Bengaluru,"Brilliant. Ah, the Venice of India. Time to get my gondola out. Just what I needed.",1
Building a Flask API for my Assignment Tracker,"Wow, I think Java still holds up incredibly well for large enterprise systems. Very helpful.",0
Color Grading in Pixelmator Pro,"Great video. Thanks for the deep dive into Apple Motion, very underrated software. Thanks for sharing.",0
Building a mechanical keyboard from scratch,"I agree, I actually like the new design, feels very premium. 🙏",0
How to center a div in CSS,"Awesome. I didn't know about that shortcut, very helpful. 🙏",0
My Code Compiled on the First Try!,"Lmao, Truly groundbreaking to use a nested loop in 2026. 🙄",1
The new 8GB RAM MacBook Pro in 2026,"Haha, They removed the headphone jack for courage. Truly brave. So brave.",1
The new 8GB RAM MacBook Pro in 2026,What switches did you use? They sound really smooth. Thanks for sharing.,0
A day in the life of an MCA student at Presidency University,Great video. Can you share the exact location of that Dosa place? Thanks for sharing.,0
Learning PHP in 2026,Finally got my environment running. Appreciate the clear step-by-step instructions.,0
Final Cut Pro 2026 Full Tutorial,Thanks! Your audio mixing tips at the end were a lifesaver. Thanks for sharing.,0
Renting a 1BHK in Indiranagar 2026,"I agree, The metro extension is really helping with the commute. 👍",0
Adobe After Effects vs Apple Motion,"Thanks! Thanks for the deep dive into Apple Motion, very underrated software. 🔥",0
Building a mechanical keyboard from scratch,"Wow, I actually like the new design, feels very premium. 👍",0
Java vs C++ for Competitive Programming,"Lmao, Yes, and my HTML code is self-aware now. Masterpiece.",1
Reviewing the new Raspberry Pi 6,"Truly, Next they will sell us the screen and keyboard separately.",1
Taking a flight from Patna to Bengaluru,"Haha, The auto driver asked for 500 rupees to cross the street. Fair price. Incredible.",1
Renting a 1BHK in Indiranagar 2026,Love the local culture and vibe of this city. 🔥,0
Understanding Pointers in C,"Wow, This is the most straightforward explanation I have ever seen. Thanks for sharing.",0
Taking a flight from Patna to Bengaluru,"Wow, Wow, I think I saw a car move three entire inches in that hour. Thrilling pace. Incredible.",1
Best FxPlug Plugins for Creators,"Haha, My favorite feature is how it eats 64GB of RAM instantly....",1
Color Grading in Pixelmator Pro,"Wow, Wow, the user interface is so hidden I need a map to find the timeline. Masterpiece.",1
Adobe After Effects vs Apple Motion,"I agree, The magnetic timeline in FCP makes editing so much faster for my workflow. Keep it up!",0
Best FxPlug Plugins for Creators,"Haha, Yes, because I definitely needed 400 new transition wipes. 🤡",1
Taking a flight from Patna to Bengaluru,The paneer butter masala at that last spot looked amazing. Definitely visiting next time. 🔥,0
Taking a flight from Patna to Bengaluru,Thanks! Love the local culture and vibe of this city. 🙏,0
Apple announces new $999 Monitor Stand,"I agree, Thanks for comparing it with the previous generation.",0
Color Grading in Pixelmator Pro,Awesome. This transition pack actually looks very clean and professional. Very helpful.,0
Using Light Theme in VS Code,"Yes, and my HTML code is self-aware now. 🙄",1
My Code Compiled on the First Try!,"Lmao, Ah yes, the most unsolved problem in modern physics. 🤡",1
Reviewing the new Raspberry Pi 6,Thanks! What switches did you use? They sound really smooth. 🔥,0
Is Web3 the future of the internet?,"Brilliant. Wow, it's 1% faster than last year. Innovation has peaked. 🙄",1
Adobe After Effects vs Apple Motion,Great video. The new color grading tools are a massive step up from last year.,0
Is Web3 the future of the internet?,"Wow, Thanks for comparing it with the previous generation. 🔥",0
DIY Autonomous Car with LiDAR Sensor,Awesome. Thanks for comparing it with the previous generation. Very helpful.,0
Building a mechanical keyboard from scratch,"Lmao, Can't wait to buy the charger separately for another $200. So brave.",1
Best FxPlug Plugins for Creators,"Awesome. Thanks for the deep dive into Apple Motion, very underrated software. 👍",0
Java vs C++ for Competitive Programming,"Truly, Oh, absolutely. I love measuring my execution time with a calendar. 🙄",1
Reviewing the new Raspberry Pi 6,"Honestly, I actually like the new design, feels very premium. 🙏",0
Color Grading in Pixelmator Pro,"Honestly, Your audio mixing tips at the end were a lifesaver. Very helpful.",0
Building a mechanical keyboard from scratch,Brilliant. So generous of them! Next year maybe we will get a floppy disk drive too. Incredible.,1
Is Web3 the future of the internet?,"I agree, I've been using it for a week and the battery life is insane. 🙏",0
A day in the life of an MCA student at Presidency University,"Ah yes, So affordable! I only had to sell one kidney for the deposit. So brave.",1
Renting a 1BHK in Indiranagar 2026,"Ah yes, So affordable! I only had to sell one kidney for the deposit. 🙃",1
Best FxPlug Plugins for Creators,"Truly, Wow, the user interface is so hidden I need a map to find the timeline. So brave.",1
Color Grading in Pixelmator Pro,Great video. The new color grading tools are a massive step up from last year. Thanks for sharing.,0
Adobe After Effects vs Apple Motion,Thanks! Your audio mixing tips at the end were a lifesaver. Very helpful.,0
The new 8GB RAM MacBook Pro in 2026,Great video. The upgraded processing power makes it perfect for my autonomous drone project. 🔥,0
Is Web3 the future of the internet?,"Brilliant. Ah yes, exactly what I needed: another proprietary port. Masterpiece.",1
Color Grading in Pixelmator Pro,"Awesome. Thanks for the deep dive into Apple Motion, very underrated software. Very helpful.",0
How to center a div in CSS,"Honestly, I didn't know about that shortcut, very helpful. 🙏",0
Final Cut Pro 2026 Full Tutorial,"I agree, Pixelmator Pro is seriously giving Adobe a run for their money.",0
Building a mechanical keyboard from scratch,"Finally, a reasonably priced piece of metal. My desk was feeling too cheap. 🙃",1
Reviewing the new Raspberry Pi 6,"Wow, Next they will sell us the screen and keyboard separately. 🤡",1
Renting a 1BHK in Indiranagar 2026,"Ah yes, paying for a premium flight just to sit on the tarmac for 2 hours. Incredible.",1
Best street food in Bengaluru,"Lmao, I love how the potholes are practically historical landmarks now. Masterpiece.",1
Bengaluru Traffic Timelapse (Silk Board),Awesome. Beautiful shots of Cubbon Park. So green! 🙏,0
Adobe After Effects vs Apple Motion,Great video. Your audio mixing tips at the end were a lifesaver. 🙏,0
My Code Compiled on the First Try!,"Awesome. Thanks for the visual diagram, it really helped me understand how the pointers swap. Thanks for sharing.",0
The new 8GB RAM MacBook Pro in 2026,"Lmao, Next they will sell us the screen and keyboard separately. Masterpiece.",1
Final Cut Pro 2026 Full Tutorial,Awesome. Your audio mixing tips at the end were a lifesaver. 🙏,0
Deploying to Production on Friday at 5 PM,Thanks! Great perspective. Focusing only on what you can control is essential. Keep it up!,0
Using Light Theme in VS Code,"Wow, Finally got my environment running. Appreciate the clear step-by-step instructions. Very helpful.",0
Best street food in Bengaluru,"Wow, So affordable! I only had to sell one kidney for the deposit. Just what I needed.",1
Why Python is the absolute fastest language,"Wow, This is the most straightforward explanation I have ever seen. 🙏",0
Why Python is the absolute fastest language,"Honestly, Thanks for the visual diagram, it really helped me understand how the pointers swap. Very helpful.",0
How to center a div in CSS,"Wow, Great perspective. Focusing only on what you can control is essential. Keep it up!",0
The new 8GB RAM MacBook Pro in 2026,Brilliant. Next they will sell us the screen and keyboard separately. Masterpiece.,1
Color Grading in Pixelmator Pro,"Ah yes, Oh good, another subscription model to drain my bank account. So brave.",1
Understanding Pointers in C,"Wow, This is the most straightforward explanation I have ever seen. Very helpful.",0
How to center a div in CSS,"Lmao, Oh, absolutely. I love measuring my execution time with a calendar. So brave.",1
Reviewing the new Raspberry Pi 6,"Oh, Wow, it's 1% faster than last year. Innovation has peaked. Just what I needed.",1
Building a mechanical keyboard from scratch,"Oh, Wow, it's 1% faster than last year. Innovation has peaked. 🙃",1
Building a mechanical keyboard from scratch,"Ah yes, Wow, it's 1% faster than last year. Innovation has peaked. Masterpiece.",1
Deploying to Production on Friday at 5 PM,Brilliant. Amazing. You just invented the `if` statement. Just what I needed.,1
The new 8GB RAM MacBook Pro in 2026,"Oh, Finally, a reasonably priced piece of metal. My desk was feeling too cheap. Just what I needed.",1
Building a Flask API for my Assignment Tracker,"Haha, I'm sure the memory leaks are just 'undocumented features'. 🙄",1
A day in the life of an MCA student at Presidency University,Awesome. Great vlog! Brings back memories from my college days. Thanks for sharing.,0
Monsoon arrives in Namma Bengaluru,"I agree, Love the local culture and vibe of this city. Keep it up!",0
Best street food in Bengaluru,Awesome. The biryani you ordered looks fantastic. Thanks for sharing.,0
Building a mechanical keyboard from scratch,"I agree, Great camera test! The low light performance is impressive.",0
Monsoon arrives in Namma Bengaluru,"Haha, The auto driver asked for 500 rupees to cross the street. Fair price. Incredible.",1
I Built a Machine Learning Model in 5 Minutes,"Great video. Thanks for the visual diagram, it really helped me understand how the pointers swap. 🔥",0
Deploying to Production on Friday at 5 PM,"I agree, Thanks for the visual diagram, it really helped me understand how the pointers swap. 👍",0
Adobe After Effects vs Apple Motion,"Honestly, The magnetic timeline in FCP makes editing so much faster for my workflow. 🔥",0
Taking a flight from Patna to Bengaluru,Thanks! I really miss the weather there. Enjoy it! 🔥,0
Best street food in Bengaluru,"Lmao, The auto driver asked for 500 rupees to cross the street. Fair price. 🙄",1
Learning PHP in 2026,"Wow, Oh, absolutely. I love measuring my execution time with a calendar. 🙃",1
Color Grading in Pixelmator Pro,Rendering this 4K video only took 3 days. Blazing fast. So brave.,1
Color Grading in Pixelmator Pro,"Thanks for the deep dive into Apple Motion, very underrated software.",0
Building a Flask API for my Assignment Tracker,"Honestly, I didn't know about that shortcut, very helpful. 🙏",0
How to center a div in CSS,"Lmao, Yes, and my HTML code is self-aware now.",1
How to center a div in CSS,Could you do a follow-up video on asynchronous functions? 🙏,0
The new 8GB RAM MacBook Pro in 2026,"Brilliant. Ah yes, exactly what I needed: another proprietary port.",1
Best street food in Bengaluru,"Wow, The metro extension is really helping with the commute. 🙏",0
Final Cut Pro 2026 Full Tutorial,"Ah yes, Oh good, another subscription model to drain my bank account. Masterpiece.",1
Renting a 1BHK in Indiranagar 2026,"Lmao, Ah, the Venice of India. Time to get my gondola out. So brave.",1
The new 8GB RAM MacBook Pro in 2026,Thanks for comparing it with the previous generation.,0
Color Grading in Pixelmator Pro,"I've been looking for a tutorial on writing custom FxPlug plugins, thank you! 🙏",0
Monsoon arrives in Namma Bengaluru,"Wow, Wow, I think I saw a car move three entire inches in that hour. Thrilling pace. 🙄",1
Color Grading in Pixelmator Pro,"Haha, Oh good, another subscription model to drain my bank account. Incredible.",1
Is Web3 the future of the internet?,"Oh, Next they will sell us the screen and keyboard separately. Masterpiece.",1
Color Grading in Pixelmator Pro,"Brilliant. Ah, paying $50 for a plugin that just shakes the screen. Worth it. Just what I needed.",1
Adobe After Effects vs Apple Motion,"Thanks! Thanks for the deep dive into Apple Motion, very underrated software.",0
Adobe After Effects vs Apple Motion,"I agree, Your audio mixing tips at the end were a lifesaver. 👍",0
A day in the life of an MCA student at Presidency University,Great video. Love the local culture and vibe of this city. Keep it up!,0
Is Web3 the future of the internet?,"Honestly, Thanks for comparing it with the previous generation. Very helpful.",0
Adobe After Effects vs Apple Motion,This transition pack actually looks very clean and professional. 🙏,0
Building a mechanical keyboard from scratch,"Wow, I actually like the new design, feels very premium. 👍",0
Adobe After Effects vs Apple Motion,"Oh, I love it when the software crashes right before I hit save. Adds excitement. 🙃",1
Reviewing the new Raspberry Pi 6,"Ah yes, Wow, it's 1% faster than last year. Innovation has peaked. 🙄",1
Learning PHP in 2026,"Honestly, Very concise and to the point. Subscribed. 🙏",0
Final Cut Pro 2026 Full Tutorial,"Haha, My favorite feature is how it eats 64GB of RAM instantly. 🙃",1
Renting a 1BHK in Indiranagar 2026,"Honestly, Beautiful shots of Cubbon Park. So green! 🙏",0
The new 8GB RAM MacBook Pro in 2026,"I agree, I think it's worth the upgrade if you are coming from an older model. 🙏",0
Bengaluru Traffic Timelapse (Silk Board),"Truly, Nothing like a 2-hour commute for a 5km distance to build character. 🙃",1
Best FxPlug Plugins for Creators,Awesome. This transition pack actually looks very clean and professional. Thanks for sharing.,0
Apple announces new $999 Monitor Stand,"I agree, I think it's worth the upgrade if you are coming from an older model. Very helpful.",0
Reviewing the new Raspberry Pi 6,Great video. Great camera test! The low light performance is impressive. 🔥,0
Adobe After Effects vs Apple Motion,"I've been looking for a tutorial on writing custom FxPlug plugins, thank you! 🙏",0
Taking a flight from Patna to Bengaluru,"Great video. I'm moving there next month, this was very informative. Very helpful.",0
Building a Flask API for my Assignment Tracker,"Wow, Could you do a follow-up video on asynchronous functions? Keep it up!",0
Deploying to Production on Friday at 5 PM,"Thanks! I prefer using Docker for this, but your method works great too. Very helpful.",0
Adobe After Effects vs Apple Motion,"Honestly, The new color grading tools are a massive step up from last year. 🔥",0
Adobe After Effects vs Apple Motion,Brilliant. My favorite feature is how it eats 64GB of RAM instantly. 🙃,1
Apple announces new $999 Monitor Stand,"Honestly, What switches did you use? They sound really smooth. 👍",0
Monsoon arrives in Namma Bengaluru,Thanks! Beautiful shots of Cubbon Park. So green! Very helpful.,0
Final Cut Pro 2026 Full Tutorial,"Thanks for the deep dive into Apple Motion, very underrated software. 🙏",0
Best street food in Bengaluru,The biryani you ordered looks fantastic. Thanks for sharing.,0
I Built a Machine Learning Model in 5 Minutes,"Truly, Truly groundbreaking to use a nested loop in 2026. 🙃",1
The new 8GB RAM MacBook Pro in 2026,"Honestly, I've been using it for a week and the battery life is insane. Keep it up!",0
Best FxPlug Plugins for Creators,"Great video. I've been looking for a tutorial on writing custom FxPlug plugins, thank you! Very helpful.",0
Color Grading in Pixelmator Pro,"Oh good, another subscription model to drain my bank account. 🙃",1
Best FxPlug Plugins for Creators,Awesome. This transition pack actually looks very clean and professional.,0
My Code Compiled on the First Try!,I'm sure the memory leaks are just 'undocumented features'. 🙄,1
Final Cut Pro 2026 Full Tutorial,Thanks! Pixelmator Pro is seriously giving Adobe a run for their money. 🙏,0
Final Cut Pro 2026 Full Tutorial,"Thanks for the deep dive into Apple Motion, very underrated software. 🙏",0
Monsoon arrives in Namma Bengaluru,"Honestly, Can you share the exact location of that Dosa place? 👍",0
Best street food in Bengaluru,"Lmao, I love how the potholes are practically historical landmarks now. Just what I needed.",1
Is Web3 the future of the internet?,"Awesome. I actually like the new design, feels very premium. Very helpful.",0
I Built a Machine Learning Model in 5 Minutes,This is the most straightforward explanation I have ever seen. Very helpful.,0
Learning PHP in 2026,"Ah yes, the most unsolved problem in modern physics. 🙃",1
How to center a div in CSS,"Wow, so fast! It only took 3 hours to print Hello World.",1
Apple announces new $999 Monitor Stand,"I agree, I actually like the new design, feels very premium.",0
Why Python is the absolute fastest language,Awesome. Finally got my environment running. Appreciate the clear step-by-step instructions. Very helpful.,0
Best street food in Bengaluru,"Lmao, The auto driver asked for 500 rupees to cross the street. Fair price. 🙄",1
Monsoon arrives in Namma Bengaluru,"Awesome. I'm moving there next month, this was very informative. Very helpful.",0
My Code Compiled on the First Try!,"This saved me hours of debugging my MCA assignment, thank you so much! 🙏",0
Renting a 1BHK in Indiranagar 2026,"Oh, Ah, the Venice of India. Time to get my gondola out. 🙄",1
Best street food in Bengaluru,"Wow, Ah yes, paying for a premium flight just to sit on the tarmac for 2 hours.",1
Taking a flight from Patna to Bengaluru,Great video. The paneer butter masala at that last spot looked amazing. Definitely visiting next time. 🔥,0
Adobe After Effects vs Apple Motion,"Ah, paying $50 for a plugin that just shakes the screen. Worth it. Masterpiece.",1
DIY Autonomous Car with LiDAR Sensor,"Haha, Oh wow, paying ₹1.5 Lakhs for 8GB RAM is truly revolutionary. Incredible.",1
A day in the life of an MCA student at Presidency University,Thanks! Can you share the exact location of that Dosa place? Thanks for sharing.,0
Adobe After Effects vs Apple Motion,The new color grading tools are a massive step up from last year. Thanks for sharing.,0
Is Web3 the future of the internet?,Brilliant. So generous of them! Next year maybe we will get a floppy disk drive too. So brave.,1
Best FxPlug Plugins for Creators,Pixelmator Pro is seriously giving Adobe a run for their money.,0
Bengaluru Traffic Timelapse (Silk Board),"Wow, I enjoy swimming to the campus every July. 🙄",1
Best FxPlug Plugins for Creators,"Great video. Thanks for the deep dive into Apple Motion, very underrated software. Thanks for sharing.",0
Best FxPlug Plugins for Creators,Thanks! Your audio mixing tips at the end were a lifesaver. 🔥,0
Best FxPlug Plugins for Creators,Awesome. Pixelmator Pro is seriously giving Adobe a run for their money. 👍,0
Reviewing the new Raspberry Pi 6,"Haha, I love replacing my entire motherboard just to upgrade the storage. Just what I needed.",1
Is Web3 the future of the internet?,"Truly, Ah yes, exactly what I needed: another proprietary port. Incredible.",1
Is Web3 the future of the internet?,Great camera test! The low light performance is impressive. Keep it up!,0
A day in the life of an MCA student at Presidency University,Love the local culture and vibe of this city. Keep it up!,0
Bengaluru Traffic Timelapse (Silk Board),"Wow, I enjoy swimming to the campus every July. So brave.",1
Taking a flight from Patna to Bengaluru,"Ah yes, paying for a premium flight just to sit on the tarmac for 2 hours. 🤡",1
Taking a flight from Patna to Bengaluru,"Lmao, Ah yes, paying for a premium flight just to sit on the tarmac for 2 hours. Incredible.",1
Adobe After Effects vs Apple Motion,Brilliant. Rendering this 4K video only took 3 days. Blazing fast....,1
Renting a 1BHK in Indiranagar 2026,"Ah yes, Great, more IT parks. Exactly what the traffic needed. Just what I needed.",1
Color Grading in Pixelmator Pro,"I agree, The magnetic timeline in FCP makes editing so much faster for my workflow. 👍",0
Building a mechanical keyboard from scratch,What switches did you use? They sound really smooth. 🙏,0
Renting a 1BHK in Indiranagar 2026,"Wow, Wow, I think I saw a car move three entire inches in that hour. Thrilling pace....",1
Final Cut Pro 2026 Full Tutorial,"Oh good, another subscription model to drain my bank account. Incredible.",1
Reviewing the new Raspberry Pi 6,"Lmao, Next they will sell us the screen and keyboard separately....",1
Why Python is the absolute fastest language,"Lmao, Sure it did, buddy. And I am the Queen of England. 🙄",1
Building a Flask API for my Assignment Tracker,"Awesome. I prefer using Docker for this, but your method works great too. Keep it up!",0
Reviewing the new Raspberry Pi 6,"Wow, Wow, it's 1% faster than last year. Innovation has peaked. Incredible.",1
Learning PHP in 2026,"Oh, Amazing. You just invented the `if` statement. So brave.",1
Color Grading in Pixelmator Pro,"Ah yes, Wow, the user interface is so hidden I need a map to find the timeline. Masterpiece.",1
Reviewing the new Raspberry Pi 6,"Oh, Wow, it's 1% faster than last year. Innovation has peaked. Masterpiece.",1
DIY Autonomous Car with LiDAR Sensor,I love replacing my entire motherboard just to upgrade the storage. Incredible.,1
Final Cut Pro 2026 Full Tutorial,Thanks! Your audio mixing tips at the end were a lifesaver.,0
Adobe After Effects vs Apple Motion,"Wow, This transition pack actually looks very clean and professional. Very helpful.",0
Bengaluru Traffic Timelapse (Silk Board),Brilliant. Nothing like a 2-hour commute for a 5km distance to build character. 🙄,1
Adobe After Effects vs Apple Motion,"I agree, I've been looking for a tutorial on writing custom FxPlug plugins, thank you! Thanks for sharing.",0
A day in the life of an MCA student at Presidency University,Brilliant. I enjoy swimming to the campus every July. 🙃,1
How to center a div in CSS,Could you do a follow-up video on asynchronous functions? 🔥,0
Bengaluru Traffic Timelapse (Silk Board),The metro extension is really helping with the commute. Keep it up!,0
DIY Autonomous Car with LiDAR Sensor,"Great video. I actually like the new design, feels very premium. Keep it up!",0
My Code Compiled on the First Try!,Great video. This is the most straightforward explanation I have ever seen. Very helpful.,0
Bengaluru Traffic Timelapse (Silk Board),"Ah yes, Ah yes, paying for a premium flight just to sit on the tarmac for 2 hours. 🙄",1
Final Cut Pro 2026 Full Tutorial,"I agree, Your audio mixing tips at the end were a lifesaver. Keep it up!",0
Renting a 1BHK in Indiranagar 2026,Awesome. Can you share the exact location of that Dosa place? 🔥,0
The new 8GB RAM MacBook Pro in 2026,"Wow, I think it's worth the upgrade if you are coming from an older model. Keep it up!",0
Best FxPlug Plugins for Creators,"I agree, The magnetic timeline in FCP makes editing so much faster for my workflow. Thanks for sharing.",0
The new 8GB RAM MacBook Pro in 2026,"Wow, What switches did you use? They sound really smooth. 🙏",0
Adobe After Effects vs Apple Motion,"Honestly, Pixelmator Pro is seriously giving Adobe a run for their money. Very helpful.",0
Final Cut Pro 2026 Full Tutorial,"I agree, Pixelmator Pro is seriously giving Adobe a run for their money. Thanks for sharing.",0
Is Web3 the future of the internet?,Great camera test! The low light performance is impressive. Thanks for sharing.,0
Color Grading in Pixelmator Pro,Awesome. The magnetic timeline in FCP makes editing so much faster for my workflow. 🔥,0
Building a mechanical keyboard from scratch,"Truly, Wow, it's 1% faster than last year. Innovation has peaked. So brave.",1
Using Light Theme in VS Code,"Wow, Because nothing says 'relaxing weekend' like a catastrophic database failure. 🙄",1
My Code Compiled on the First Try!,"Great video. I didn't know about that shortcut, very helpful.",0
Building a mechanical keyboard from scratch,"Ah yes, Wow, it's 1% faster than last year. Innovation has peaked. Just what I needed.",1
Renting a 1BHK in Indiranagar 2026,"Wow, The auto driver asked for 500 rupees to cross the street. Fair price. 🤡",1
Taking a flight from Patna to Bengaluru,Brilliant. Nothing like a 2-hour commute for a 5km distance to build character. Incredible.,1
Color Grading in Pixelmator Pro,"Truly, Wow, the user interface is so hidden I need a map to find the timeline. 🙄",1
Why Python is the absolute fastest language,"Truly, I copy-pasted this and my computer caught fire. Thanks! Incredible.",1
Taking a flight from Patna to Bengaluru,"Lmao, So affordable! I only had to sell one kidney for the deposit. 🙄",1
Reviewing the new Raspberry Pi 6,"Honestly, Good thorough review, especially the thermal testing. Keep it up!",0
Adobe After Effects vs Apple Motion,Brilliant. I love it when the software crashes right before I hit save. Adds excitement. Just what I needed.,1
Final Cut Pro 2026 Full Tutorial,"Oh, Ah, paying $50 for a plugin that just shakes the screen. Worth it. Masterpiece.",1
Best FxPlug Plugins for Creators,"Brilliant. Wow, the user interface is so hidden I need a map to find the timeline. 🙃",1
Bengaluru Traffic Timelapse (Silk Board),"Brilliant. Ah yes, paying for a premium flight just to sit on the tarmac for 2 hours. Masterpiece.",1
Color Grading in Pixelmator Pro,"Wow, This transition pack actually looks very clean and professional. Thanks for sharing.",0
Why Python is the absolute fastest language,Awesome. Very concise and to the point. Subscribed. 👍,0
Java vs C++ for Competitive Programming,"This saved me hours of debugging my MCA assignment, thank you so much! 👍",0
Bengaluru Traffic Timelapse (Silk Board),"Ah yes, Nothing like a 2-hour commute for a 5km distance to build character. Just what I needed.",1
Bengaluru Traffic Timelapse (Silk Board),"Brilliant. Ah, the Venice of India. Time to get my gondola out. 🤡",1
Understanding Pointers in C,"Truly, Because nothing says 'relaxing weekend' like a catastrophic database failure. 🙄",1
Color Grading in Pixelmator Pro,Great video. Pixelmator Pro is seriously giving Adobe a run for their money. Very helpful.,0
Color Grading in Pixelmator Pro,"I agree, The magnetic timeline in FCP makes editing so much faster for my workflow. 🙏",0
Deploying to Production on Friday at 5 PM,"Honestly, I think Java still holds up incredibly well for large enterprise systems. 🔥",0
Best FxPlug Plugins for Creators,"Thanks! Thanks for the deep dive into Apple Motion, very underrated software. Thanks for sharing.",0
Color Grading in Pixelmator Pro,"Ah, paying $50 for a plugin that just shakes the screen. Worth it. Incredible.",1
Building a mechanical keyboard from scratch,"Brilliant. Wow, it's 1% faster than last year. Innovation has peaked.",1
Color Grading in Pixelmator Pro,"Wow, Pixelmator Pro is seriously giving Adobe a run for their money. 👍",0
Color Grading in Pixelmator Pro,"Great video. Thanks for the deep dive into Apple Motion, very underrated software. Thanks for sharing.",0
The new 8GB RAM MacBook Pro in 2026,Thanks! Great camera test! The low light performance is impressive. 👍,0
Apple announces new $999 Monitor Stand,I've been using it for a week and the battery life is insane. 👍,0
Monsoon arrives in Namma Bengaluru,Only 40k rent for a broom closet? What a steal! Incredible.,1
Reviewing the new Raspberry Pi 6,Awesome. What switches did you use? They sound really smooth. Keep it up!,0
Best street food in Bengaluru,"Honestly, Beautiful shots of Cubbon Park. So green!",0
DIY Autonomous Car with LiDAR Sensor,"Wow, I actually like the new design, feels very premium. 👍",0
DIY Autonomous Car with LiDAR Sensor,"Wow, They removed the headphone jack for courage. Truly brave. Just what I needed.",1
The new 8GB RAM MacBook Pro in 2026,"I agree, I think it's worth the upgrade if you are coming from an older model. 🔥",0
The new 8GB RAM MacBook Pro in 2026,"Honestly, I actually like the new design, feels very premium. Very helpful.",0
Building a mechanical keyboard from scratch,"Oh, So generous of them! Next year maybe we will get a floppy disk drive too....",1
Best street food in Bengaluru,"Wow, Nothing like a 2-hour commute for a 5km distance to build character. Just what I needed.",1
Final Cut Pro 2026 Full Tutorial,Brilliant. My favorite feature is how it eats 64GB of RAM instantly. 🙄,1
Adobe After Effects vs Apple Motion,"Lmao, I love it when the software crashes right before I hit save. Adds excitement. 🤡",1
Best street food in Bengaluru,"Great, more IT parks. Exactly what the traffic needed. So brave.",1
Bengaluru Traffic Timelapse (Silk Board),"Haha, I love how the potholes are practically historical landmarks now. Incredible.",1
Color Grading in Pixelmator Pro,Great video. Your audio mixing tips at the end were a lifesaver. 👍,0
Best FxPlug Plugins for Creators,"Wow, Pixelmator Pro is seriously giving Adobe a run for their money. 🔥",0
How to center a div in CSS,"I agree, I prefer using Docker for this, but your method works great too. 🙏",0
I Built a Machine Learning Model in 5 Minutes,"Truly, I copy-pasted this and my computer caught fire. Thanks! 🤡",1
Adobe After Effects vs Apple Motion,The magnetic timeline in FCP makes editing so much faster for my workflow. 🙏,0
Best street food in Bengaluru,Thanks! The metro extension is really helping with the commute. Very helpful.,0
Color Grading in Pixelmator Pro,This transition pack actually looks very clean and professional.,0
Building a mechanical keyboard from scratch,Awesome. I've been using it for a week and the battery life is insane. 🙏,0
Best street food in Bengaluru,"Wow, Love the local culture and vibe of this city.",0
Best FxPlug Plugins for Creators,"Haha, Wow, the user interface is so hidden I need a map to find the timeline. 🙄",1
Best FxPlug Plugins for Creators,"Wow, I love it when the software crashes right before I hit save. Adds excitement.",1
Renting a 1BHK in Indiranagar 2026,"Lmao, Wow, I think I saw a car move three entire inches in that hour. Thrilling pace. So brave.",1
Bengaluru Traffic Timelapse (Silk Board),Awesome. Beautiful shots of Cubbon Park. So green! 🙏,0
DIY Autonomous Car with LiDAR Sensor,"Thanks! I actually like the new design, feels very premium. Thanks for sharing.",0
Is Web3 the future of the internet?,"Good thorough review, especially the thermal testing. 🔥",0
Building a mechanical keyboard from scratch,I've been using it for a week and the battery life is insane. 👍,0
Is Web3 the future of the internet?,"Great video. I actually like the new design, feels very premium. Keep it up!",0
Renting a 1BHK in Indiranagar 2026,I love how the potholes are practically historical landmarks now.,1
Color Grading in Pixelmator Pro,"Haha, Oh good, another subscription model to drain my bank account. 🙃",1
Adobe After Effects vs Apple Motion,"Ah yes, I love it when the software crashes right before I hit save. Adds excitement. Just what I needed.",1
Adobe After Effects vs Apple Motion,"Wow, Thanks for the deep dive into Apple Motion, very underrated software. 🙏",0
My Code Compiled on the First Try!,"Wow, Finally got my environment running. Appreciate the clear step-by-step instructions. Keep it up!",0
Final Cut Pro 2026 Full Tutorial,"Truly, Rendering this 4K video only took 3 days. Blazing fast. So brave.",1
Using Light Theme in VS Code,"Haha, Truly groundbreaking to use a nested loop in 2026.",1
How to center a div in CSS,"Haha, Sure it did, buddy. And I am the Queen of England. Just what I needed.",1
My Code Compiled on the First Try!,"Haha, Oh, absolutely. I love measuring my execution time with a calendar....",1
Final Cut Pro 2026 Full Tutorial,"Honestly, The magnetic timeline in FCP makes editing so much faster for my workflow. 👍",0
Color Grading in Pixelmator Pro,"Ah, paying $50 for a plugin that just shakes the screen. Worth it. Masterpiece.",1
Best street food in Bengaluru,"Lmao, Nothing like a 2-hour commute for a 5km distance to build character. 🙃",1
Renting a 1BHK in Indiranagar 2026,"Thanks! I'm moving there next month, this was very informative.",0
Building a mechanical keyboard from scratch,"Oh, Can't wait to buy the charger separately for another $200. 🙄",1
Taking a flight from Patna to Bengaluru,"Honestly, I'm moving there next month, this was very informative. 👍",0
A day in the life of an MCA student at Presidency University,Great video. Love the local culture and vibe of this city.,0
Adobe After Effects vs Apple Motion,Awesome. The magnetic timeline in FCP makes editing so much faster for my workflow. Thanks for sharing.,0
I Built a Machine Learning Model in 5 Minutes,"Lmao, Amazing. You just invented the `if` statement. Just what I needed.",1
Apple announces new $999 Monitor Stand,"Wow, I think it's worth the upgrade if you are coming from an older model. Keep it up!",0
How to center a div in CSS,"I agree, I prefer using Docker for this, but your method works great too. 🔥",0
Building a mechanical keyboard from scratch,"Haha, Oh wow, paying ₹1.5 Lakhs for 8GB RAM is truly revolutionary. Just what I needed.",1
The new 8GB RAM MacBook Pro in 2026,"Honestly, Thanks for comparing it with the previous generation.",0
Best FxPlug Plugins for Creators,"Wow, This transition pack actually looks very clean and professional. 🔥",0
Best street food in Bengaluru,"Truly, So affordable! I only had to sell one kidney for the deposit. Incredible.",1
A day in the life of an MCA student at Presidency University,"Haha, Only 40k rent for a broom closet? What a steal! Incredible.",1
Best FxPlug Plugins for Creators,Great video. The new color grading tools are a massive step up from last year. Thanks for sharing.,0
The new 8GB RAM MacBook Pro in 2026,Great video. I think it's worth the upgrade if you are coming from an older model. 🔥,0
Apple announces new $999 Monitor Stand,Brilliant. I love replacing my entire motherboard just to upgrade the storage. 🤡,1
Best FxPlug Plugins for Creators,"Wow, Yes, because I definitely needed 400 new transition wipes.",1
Learning PHP in 2026,Awesome. Great perspective. Focusing only on what you can control is essential. 🙏,0
Java vs C++ for Competitive Programming,"Yes, and my HTML code is self-aware now. Masterpiece.",1
How to center a div in CSS,Thanks! Very concise and to the point. Subscribed. Keep it up!,0
Color Grading in Pixelmator Pro,"Oh, Wow, the user interface is so hidden I need a map to find the timeline. Masterpiece.",1
Adobe After Effects vs Apple Motion,"I agree, I've been looking for a tutorial on writing custom FxPlug plugins, thank you! 🔥",0
How to center a div in CSS,"Lmao, Sure it did, buddy. And I am the Queen of England. 🙄",1
Building a Flask API for my Assignment Tracker,"Wow, This saved me hours of debugging my MCA assignment, thank you so much! 🔥",0
Deploying to Production on Friday at 5 PM,Brilliant. Truly groundbreaking to use a nested loop in 2026. 🤡,1
Using Light Theme in VS Code,Thanks! Great perspective. Focusing only on what you can control is essential. Thanks for sharing.,0
Why Python is the absolute fastest language,Thanks! I think Java still holds up incredibly well for large enterprise systems. Keep it up!,0
Reviewing the new Raspberry Pi 6,"Thanks! Good thorough review, especially the thermal testing. Very helpful.",0
Building a mechanical keyboard from scratch,"Truly, I definitely want to pay a $40 gas fee just to like a tweet. Sign me up. 🤡",1
DIY Autonomous Car with LiDAR Sensor,"I agree, I think it's worth the upgrade if you are coming from an older model. 👍",0
Best FxPlug Plugins for Creators,"Thanks for the deep dive into Apple Motion, very underrated software. Keep it up!",0
Color Grading in Pixelmator Pro,Awesome. This transition pack actually looks very clean and professional. 🙏,0
The new 8GB RAM MacBook Pro in 2026,"Wow, I've been using it for a week and the battery life is insane. 🙏",0
I Built a Machine Learning Model in 5 Minutes,"Awesome. I didn't know about that shortcut, very helpful. Thanks for sharing.",0
Java vs C++ for Competitive Programming,"Wow, Very concise and to the point. Subscribed. 🙏",0
Is Web3 the future of the internet?,"Lmao, So generous of them! Next year maybe we will get a floppy disk drive too. So brave.",1
Best FxPlug Plugins for Creators,"Wow, I love it when the software crashes right before I hit save. Adds excitement. Masterpiece.",1
Final Cut Pro 2026 Full Tutorial,"Haha, Oh good, another subscription model to drain my bank account. Incredible.",1
I Built a Machine Learning Model in 5 Minutes,"Oh, absolutely. I love measuring my execution time with a calendar. Masterpiece.",1
Adobe After Effects vs Apple Motion,"Honestly, This transition pack actually looks very clean and professional. 🔥",0
Understanding Pointers in C,"Honestly, I prefer using Docker for this, but your method works great too. Keep it up!",0
A day in the life of an MCA student at Presidency University,Awesome. I really miss the weather there. Enjoy it! Keep it up!,0
Reviewing the new Raspberry Pi 6,"Lmao, Finally, a reasonably priced piece of metal. My desk was feeling too cheap. 🙄",1
Final Cut Pro 2026 Full Tutorial,"Wow, This transition pack actually looks very clean and professional. Keep it up!",0
Deploying to Production on Friday at 5 PM,"Wow, Because nothing says 'relaxing weekend' like a catastrophic database failure. Just what I needed.",1
The new 8GB RAM MacBook Pro in 2026,"Wow, Can't wait to buy the charger separately for another $200....",1
Final Cut Pro 2026 Full Tutorial,"Honestly, Your audio mixing tips at the end were a lifesaver. 🙏",0
Learning PHP in 2026,Great video. Finally got my environment running. Appreciate the clear step-by-step instructions. Keep it up!,0
Apple announces new $999 Monitor Stand,Thanks! The upgraded processing power makes it perfect for my autonomous drone project. Keep it up!,0
A day in the life of an MCA student at Presidency University,Great vlog! Brings back memories from my college days.,0
Reviewing the new Raspberry Pi 6,Awesome. Thanks for comparing it with the previous generation. Keep it up!,0
Java vs C++ for Competitive Programming,"Haha, Ah yes, the most unsolved problem in modern physics. 🙄",1
Apple announces new $999 Monitor Stand,"Oh, Next they will sell us the screen and keyboard separately. Incredible.",1
A day in the life of an MCA student at Presidency University,"Oh, Only 40k rent for a broom closet? What a steal! Just what I needed.",1
Java vs C++ for Competitive Programming,"Awesome. I prefer using Docker for this, but your method works great too. Keep it up!",0
Apple announces new $999 Monitor Stand,Great video. Great camera test! The low light performance is impressive. 🙏,0
Adobe After Effects vs Apple Motion,"Truly, Yes, because I definitely needed 400 new transition wipes.",1
DIY Autonomous Car with LiDAR Sensor,"Wow, I actually like the new design, feels very premium.",0
Understanding Pointers in C,"Awesome. I didn't know about that shortcut, very helpful. 🙏",0
Renting a 1BHK in Indiranagar 2026,Brilliant. The auto driver asked for 500 rupees to cross the street. Fair price.,1
Bengaluru Traffic Timelapse (Silk Board),"Wow, Love the local culture and vibe of this city. 🔥",0
Best FxPlug Plugins for Creators,Awesome. The magnetic timeline in FCP makes editing so much faster for my workflow. Keep it up!,0
A day in the life of an MCA student at Presidency University,Brilliant. Only 40k rent for a broom closet? What a steal! 🙃,1
Deploying to Production on Friday at 5 PM,"I agree, Could you do a follow-up video on asynchronous functions? 🙏",0
Reviewing the new Raspberry Pi 6,"Honestly, I actually like the new design, feels very premium. Very helpful.",0
Is Web3 the future of the internet?,"Oh, Wow, it's 1% faster than last year. Innovation has peaked. 🙄",1
The new 8GB RAM MacBook Pro in 2026,"Great video. I actually like the new design, feels very premium. Very helpful.",0
Renting a 1BHK in Indiranagar 2026,"Honestly, Love the local culture and vibe of this city. Very helpful.",0
How to center a div in CSS,"Honestly, Very concise and to the point. Subscribed. Thanks for sharing.",0
The new 8GB RAM MacBook Pro in 2026,"Brilliant. Oh wow, paying ₹1.5 Lakhs for 8GB RAM is truly revolutionary. 🙃",1
Final Cut Pro 2026 Full Tutorial,"I agree, Pixelmator Pro is seriously giving Adobe a run for their money. 🔥",0
Bengaluru Traffic Timelapse (Silk Board),Thanks! Love the local culture and vibe of this city. Very helpful.,0
Best street food in Bengaluru,I enjoy swimming to the campus every July. 🙄,1
I Built a Machine Learning Model in 5 Minutes,"Ah yes, the most unsolved problem in modern physics. Masterpiece.",1
Adobe After Effects vs Apple Motion,"Lmao, Ah, paying $50 for a plugin that just shakes the screen. Worth it. Incredible.",1
Color Grading in Pixelmator Pro,Pixelmator Pro is seriously giving Adobe a run for their money. Thanks for sharing.,0
Color Grading in Pixelmator Pro,"Truly, Wow, the user interface is so hidden I need a map to find the timeline.",1
Java vs C++ for Competitive Programming,I copy-pasted this and my computer caught fire. Thanks! 🤡,1
Adobe After Effects vs Apple Motion,"Thanks! Thanks for the deep dive into Apple Motion, very underrated software.",0
Apple announces new $999 Monitor Stand,"Wow, What switches did you use? They sound really smooth.",0
The new 8GB RAM MacBook Pro in 2026,"Great video. Good thorough review, especially the thermal testing. Keep it up!",0
Learning PHP in 2026,This tutorial fixed my marriage. 🤡,1
Why Python is the absolute fastest language,"Lmao, Ah yes, the most unsolved problem in modern physics. 🙄",1
Monsoon arrives in Namma Bengaluru,The auto driver asked for 500 rupees to cross the street. Fair price. 🙃,1
A day in the life of an MCA student at Presidency University,Brilliant. I enjoy swimming to the campus every July. 🤡,1
Is Web3 the future of the internet?,Thanks for comparing it with the previous generation. 🙏,0
Building a Flask API for my Assignment Tracker,"I agree, Could you do a follow-up video on asynchronous functions? Very helpful.",0
Apple announces new $999 Monitor Stand,Brilliant. They removed the headphone jack for courage. Truly brave. 🙄,1
Color Grading in Pixelmator Pro,"Wow, I love it when the software crashes right before I hit save. Adds excitement. 🙄",1
Deploying to Production on Friday at 5 PM,"Lmao, I copy-pasted this and my computer caught fire. Thanks! Incredible.",1
DIY Autonomous Car with LiDAR Sensor,Thanks! The upgraded processing power makes it perfect for my autonomous drone project. 🔥,0
Building a mechanical keyboard from scratch,"I agree, I've been using it for a week and the battery life is insane. 👍",0
Deploying to Production on Friday at 5 PM,"Honestly, This is the most straightforward explanation I have ever seen. Very helpful.",0
The new 8GB RAM MacBook Pro in 2026,I think it's worth the upgrade if you are coming from an older model.,0
Building a Flask API for my Assignment Tracker,"Truly, I copy-pasted this and my computer caught fire. Thanks! 🤡",1
Monsoon arrives in Namma Bengaluru,Brilliant. Only 40k rent for a broom closet? What a steal! Masterpiece.,1
Renting a 1BHK in Indiranagar 2026,"Honestly, Great vlog! Brings back memories from my college days. Thanks for sharing.",0
Understanding Pointers in C,"Honestly, I prefer using Docker for this, but your method works great too. 🙏",0
The new 8GB RAM MacBook Pro in 2026,"Lmao, Wow, it's 1% faster than last year. Innovation has peaked. 🙃",1
Best street food in Bengaluru,"Haha, Ah, the Venice of India. Time to get my gondola out. Incredible.",1
Using Light Theme in VS Code,"Wow, Finally got my environment running. Appreciate the clear step-by-step instructions. 👍",0
Bengaluru Traffic Timelapse (Silk Board),I really miss the weather there. Enjoy it! Very helpful.,0
Understanding Pointers in C,"Truly, Sure it did, buddy. And I am the Queen of England....",1
Deploying to Production on Friday at 5 PM,"Lmao, Ah yes, the most unsolved problem in modern physics. Masterpiece.",1
Best FxPlug Plugins for Creators,"Haha, Wow, the user interface is so hidden I need a map to find the timeline. 🙄",1
Bengaluru Traffic Timelapse (Silk Board),"Ah, the Venice of India. Time to get my gondola out. So brave.",1
Building a mechanical keyboard from scratch,"Haha, Ah yes, exactly what I needed: another proprietary port.",1
Is Web3 the future of the internet?,"Haha, They removed the headphone jack for courage. Truly brave....",1
Adobe After Effects vs Apple Motion,"Haha, Wow, the user interface is so hidden I need a map to find the timeline. 🤡",1
DIY Autonomous Car with LiDAR Sensor,Awesome. I think it's worth the upgrade if you are coming from an older model.,0
Why Python is the absolute fastest language,"Wow, Truly groundbreaking to use a nested loop in 2026. Incredible.",1
Bengaluru Traffic Timelapse (Silk Board),I really miss the weather there. Enjoy it!,0
Adobe After Effects vs Apple Motion,"Yes, because I definitely needed 400 new transition wipes.",1
My Code Compiled on the First Try!,"Awesome. I didn't know about that shortcut, very helpful. 👍",0
Monsoon arrives in Namma Bengaluru,"I agree, I'm moving there next month, this was very informative.",0
Best FxPlug Plugins for Creators,"Haha, Rendering this 4K video only took 3 days. Blazing fast. 🙄",1
A day in the life of an MCA student at Presidency University,Awesome. Great vlog! Brings back memories from my college days. 🙏,0
Taking a flight from Patna to Bengaluru,"Ah yes, Only 40k rent for a broom closet? What a steal! Masterpiece.",1
Apple announces new $999 Monitor Stand,"Oh, Finally, a reasonably priced piece of metal. My desk was feeling too cheap.",1
My Code Compiled on the First Try!,"Wow, Amazing. You just invented the `if` statement.",1
How to center a div in CSS,"Oh, Yes, and my HTML code is self-aware now. 🙄",1
Monsoon arrives in Namma Bengaluru,Beautiful shots of Cubbon Park. So green! Very helpful.,0
Best FxPlug Plugins for Creators,Thanks! The new color grading tools are a massive step up from last year.,0
Using Light Theme in VS Code,"Yes, and my HTML code is self-aware now. 🤡",1
DIY Autonomous Car with LiDAR Sensor,"Oh, Ah yes, exactly what I needed: another proprietary port.",1
Adobe After Effects vs Apple Motion,"Wow, I've been looking for a tutorial on writing custom FxPlug plugins, thank you! Thanks for sharing.",0
How to center a div in CSS,"Thanks! Thanks for the visual diagram, it really helped me understand how the pointers swap. 👍",0
Is Web3 the future of the internet?,"Ah yes, So generous of them! Next year maybe we will get a floppy disk drive too....",1
Taking a flight from Patna to Bengaluru,Great vlog! Brings back memories from my college days. 🙏,0
A day in the life of an MCA student at Presidency University,"Oh, The auto driver asked for 500 rupees to cross the street. Fair price. Incredible.",1
Taking a flight from Patna to Bengaluru,Great video. The paneer butter masala at that last spot looked amazing. Definitely visiting next time.,0
A day in the life of an MCA student at Presidency University,Great video. The biryani you ordered looks fantastic. Keep it up!,0
Best street food in Bengaluru,Great video. The paneer butter masala at that last spot looked amazing. Definitely visiting next time. Very helpful.,0
Color Grading in Pixelmator Pro,"Wow, Rendering this 4K video only took 3 days. Blazing fast. 🙃",1
Color Grading in Pixelmator Pro,"Thanks! Thanks for the deep dive into Apple Motion, very underrated software. Very helpful.",0
Taking a flight from Patna to Bengaluru,"Wow, I really miss the weather there. Enjoy it! 🙏",0
Bengaluru Traffic Timelapse (Silk Board),"Lmao, Wow, I think I saw a car move three entire inches in that hour. Thrilling pace. Incredible.",1
Building a mechanical keyboard from scratch,"Haha, Can't wait to buy the charger separately for another $200.",1
Bengaluru Traffic Timelapse (Silk Board),"Haha, Great, more IT parks. Exactly what the traffic needed....",1
Final Cut Pro 2026 Full Tutorial,"Ah yes, I love it when the software crashes right before I hit save. Adds excitement. So brave.",1
Final Cut Pro 2026 Full Tutorial,"Wow, Your audio mixing tips at the end were a lifesaver. 👍",0
Understanding Pointers in C,"Lmao, Truly groundbreaking to use a nested loop in 2026. Masterpiece.",1
A day in the life of an MCA student at Presidency University,"Great, more IT parks. Exactly what the traffic needed. Masterpiece.",1
Understanding Pointers in C,"Truly, Amazing. You just invented the `if` statement....",1
Taking a flight from Patna to Bengaluru,"Ah yes, paying for a premium flight just to sit on the tarmac for 2 hours. Masterpiece.",1
Why Python is the absolute fastest language,"Wow, Ah yes, the most unsolved problem in modern physics. 🙄",1
The new 8GB RAM MacBook Pro in 2026,"Truly, Oh wow, paying ₹1.5 Lakhs for 8GB RAM is truly revolutionary. Just what I needed.",1
Adobe After Effects vs Apple Motion,"Ah yes, Wow, the user interface is so hidden I need a map to find the timeline. Just what I needed.",1
Understanding Pointers in C,Thanks! This is the most straightforward explanation I have ever seen. 🔥,0
Building a Flask API for my Assignment Tracker,"Ah yes, Sure it did, buddy. And I am the Queen of England. Just what I needed.",1
Best FxPlug Plugins for Creators,Thanks! The new color grading tools are a massive step up from last year. 🙏,0
Understanding Pointers in C,"Haha, Truly groundbreaking to use a nested loop in 2026. 🙄",1
Best FxPlug Plugins for Creators,"Oh, Ah, paying $50 for a plugin that just shakes the screen. Worth it. Just what I needed.",1
Building a Flask API for my Assignment Tracker,"Lmao, I'm sure the memory leaks are just 'undocumented features'. 🙄",1
DIY Autonomous Car with LiDAR Sensor,Thanks! I think it's worth the upgrade if you are coming from an older model. Keep it up!,0
Understanding Pointers in C,"Wow, Finally got my environment running. Appreciate the clear step-by-step instructions. Keep it up!",0
Taking a flight from Patna to Bengaluru,"Oh, So affordable! I only had to sell one kidney for the deposit. Just what I needed.",1
Color Grading in Pixelmator Pro,Thanks! This transition pack actually looks very clean and professional. Thanks for sharing.,0
Best FxPlug Plugins for Creators,"Awesome. I've been looking for a tutorial on writing custom FxPlug plugins, thank you! Keep it up!",0
Renting a 1BHK in Indiranagar 2026,Thanks! The metro extension is really helping with the commute. Keep it up!,0
Reviewing the new Raspberry Pi 6,Can't wait to buy the charger separately for another $200. So brave.,1
Final Cut Pro 2026 Full Tutorial,"Truly, My favorite feature is how it eats 64GB of RAM instantly....",1
Using Light Theme in VS Code,Amazing. You just invented the `if` statement. So brave.,1
Why Python is the absolute fastest language,"Truly, Because nothing says 'relaxing weekend' like a catastrophic database failure. So brave.",1
Why Python is the absolute fastest language,Great video. Great perspective. Focusing only on what you can control is essential. 🔥,0
Final Cut Pro 2026 Full Tutorial,"Wow, This transition pack actually looks very clean and professional.",0
Renting a 1BHK in Indiranagar 2026,"I agree, Can you share the exact location of that Dosa place? 🔥",0
Adobe After Effects vs Apple Motion,Pixelmator Pro is seriously giving Adobe a run for their money. 🔥,0
My Code Compiled on the First Try!,"Yes, and my HTML code is self-aware now. Incredible.",1
Taking a flight from Patna to Bengaluru,Thanks! I really miss the weather there. Enjoy it! 🙏,0
Renting a 1BHK in Indiranagar 2026,"Haha, Ah, the Venice of India. Time to get my gondola out....",1
Understanding Pointers in C,"Ah yes, Wow, so fast! It only took 3 hours to print Hello World....",1
Final Cut Pro 2026 Full Tutorial,"Haha, Rendering this 4K video only took 3 days. Blazing fast. So brave.",1
Monsoon arrives in Namma Bengaluru,"Wow, The metro extension is really helping with the commute. Thanks for sharing.",0
Apple announces new $999 Monitor Stand,"Haha, Finally, a reasonably priced piece of metal. My desk was feeling too cheap. 🤡",1
Taking a flight from Patna to Bengaluru,"Wow, Can you share the exact location of that Dosa place? Thanks for sharing.",0
Final Cut Pro 2026 Full Tutorial,Awesome. The new color grading tools are a massive step up from last year. 🙏,0
Color Grading in Pixelmator Pro,"Wow, I love it when the software crashes right before I hit save. Adds excitement.",1
Best FxPlug Plugins for Creators,Awesome. The magnetic timeline in FCP makes editing so much faster for my workflow. Thanks for sharing.,0
Apple announces new $999 Monitor Stand,"Honestly, I've been using it for a week and the battery life is insane. 🔥",0
Taking a flight from Patna to Bengaluru,"Wow, So affordable! I only had to sell one kidney for the deposit. Just what I needed.",1
Final Cut Pro 2026 Full Tutorial,"Oh, Wow, the user interface is so hidden I need a map to find the timeline....",1
Bengaluru Traffic Timelapse (Silk Board),"Oh, I love how the potholes are practically historical landmarks now. Masterpiece.",1
Best FxPlug Plugins for Creators,"Haha, Wow, the user interface is so hidden I need a map to find the timeline. So brave.",1
Best street food in Bengaluru,"Lmao, Ah yes, paying for a premium flight just to sit on the tarmac for 2 hours....",1
Learning PHP in 2026,"Thanks! I didn't know about that shortcut, very helpful. Thanks for sharing.",0
Bengaluru Traffic Timelapse (Silk Board),Brilliant. I enjoy swimming to the campus every July. 🙄,1
Learning PHP in 2026,"Wow, I didn't know about that shortcut, very helpful. Keep it up!",0
Reviewing the new Raspberry Pi 6,Awesome. Great camera test! The low light performance is impressive. Very helpful.,0
Deploying to Production on Friday at 5 PM,"Thanks! This saved me hours of debugging my MCA assignment, thank you so much! 🔥",0
Best FxPlug Plugins for Creators,Brilliant. Rendering this 4K video only took 3 days. Blazing fast....,1
Color Grading in Pixelmator Pro,"Ah yes, Oh good, another subscription model to drain my bank account. Incredible.",1
Best FxPlug Plugins for Creators,"Ah yes, Rendering this 4K video only took 3 days. Blazing fast. 🙃",1
Adobe After Effects vs Apple Motion,"Ah yes, Yes, because I definitely needed 400 new transition wipes. So brave.",1
Monsoon arrives in Namma Bengaluru,"Truly, I enjoy swimming to the campus every July....",1
Reviewing the new Raspberry Pi 6,"Honestly, The upgraded processing power makes it perfect for my autonomous drone project. Thanks for sharing.",0
Final Cut Pro 2026 Full Tutorial,Awesome. This transition pack actually looks very clean and professional. 🔥,0
I Built a Machine Learning Model in 5 Minutes,Awesome. This is the most straightforward explanation I have ever seen. 🙏,0
Java vs C++ for Competitive Programming,"Truly, Wow, so fast! It only took 3 hours to print Hello World.",1
Understanding Pointers in C,"Haha, Wow, so fast! It only took 3 hours to print Hello World....",1
Best FxPlug Plugins for Creators,"Lmao, Wow, the user interface is so hidden I need a map to find the timeline.",1
Final Cut Pro 2026 Full Tutorial,"Ah yes, Oh good, another subscription model to drain my bank account. So brave.",1
Taking a flight from Patna to Bengaluru,"Honestly, I'm moving there next month, this was very informative. Keep it up!",0
Learning PHP in 2026,Thanks! Great perspective. Focusing only on what you can control is essential. 🔥,0
Bengaluru Traffic Timelapse (Silk Board),"Wow, Great vlog! Brings back memories from my college days. Thanks for sharing.",0
Adobe After Effects vs Apple Motion,"Thanks for the deep dive into Apple Motion, very underrated software. 🔥",0
Taking a flight from Patna to Bengaluru,"I agree, I really miss the weather there. Enjoy it!",0
Renting a 1BHK in Indiranagar 2026,"Oh, So affordable! I only had to sell one kidney for the deposit. Incredible.",1
Final Cut Pro 2026 Full Tutorial,"Wow, My favorite feature is how it eats 64GB of RAM instantly. Masterpiece.",1
Bengaluru Traffic Timelapse (Silk Board),Awesome. The biryani you ordered looks fantastic. Keep it up!,0
Adobe After Effects vs Apple Motion,Brilliant. My favorite feature is how it eats 64GB of RAM instantly. 🤡,1
Final Cut Pro 2026 Full Tutorial,"Wow, This transition pack actually looks very clean and professional. 🙏",0
Understanding Pointers in C,"Lmao, Wow, so fast! It only took 3 hours to print Hello World. 🤡",1
Deploying to Production on Friday at 5 PM,"I agree, Could you do a follow-up video on asynchronous functions? 🙏",0
Best street food in Bengaluru,Awesome. The metro extension is really helping with the commute. Very helpful.,0
Renting a 1BHK in Indiranagar 2026,Great video. Can you share the exact location of that Dosa place? Keep it up!,0
Deploying to Production on Friday at 5 PM,Great video. Great perspective. Focusing only on what you can control is essential. Very helpful.,0
I Built a Machine Learning Model in 5 Minutes,"I agree, Could you do a follow-up video on asynchronous functions? Thanks for sharing.",0
Color Grading in Pixelmator Pro,Great video. The magnetic timeline in FCP makes editing so much faster for my workflow.,0
The new 8GB RAM MacBook Pro in 2026,Great camera test! The low light performance is impressive. 🙏,0
Monsoon arrives in Namma Bengaluru,"Wow, The paneer butter masala at that last spot looked amazing. Definitely visiting next time.",0
Adobe After Effects vs Apple Motion,Great video. The new color grading tools are a massive step up from last year. Very helpful.,0
Building a mechanical keyboard from scratch,"Lmao, Ah yes, exactly what I needed: another proprietary port. 🙃",1
Monsoon arrives in Namma Bengaluru,Brilliant. I enjoy swimming to the campus every July. 🙄,1
A day in the life of an MCA student at Presidency University,The auto driver asked for 500 rupees to cross the street. Fair price. Incredible.,1
Bengaluru Traffic Timelapse (Silk Board),"Lmao, So affordable! I only had to sell one kidney for the deposit.",1
Is Web3 the future of the internet?,"Haha, Oh wow, paying ₹1.5 Lakhs for 8GB RAM is truly revolutionary. Incredible.",1
Monsoon arrives in Namma Bengaluru,Thanks! The paneer butter masala at that last spot looked amazing. Definitely visiting next time. 🔥,0
How to center a div in CSS,"Oh, absolutely. I love measuring my execution time with a calendar. 🙄",1
Best street food in Bengaluru,"Great video. I'm moving there next month, this was very informative.",0
Monsoon arrives in Namma Bengaluru,"Brilliant. Ah yes, paying for a premium flight just to sit on the tarmac for 2 hours. Masterpiece.",1
Java vs C++ for Competitive Programming,"Truly, Yes, and my HTML code is self-aware now. Incredible.",1
Taking a flight from Patna to Bengaluru,"Lmao, Ah, the Venice of India. Time to get my gondola out. Masterpiece.",1
The new 8GB RAM MacBook Pro in 2026,"Truly, Finally, a reasonably priced piece of metal. My desk was feeling too cheap. So brave.",1
Best street food in Bengaluru,"I agree, Great vlog! Brings back memories from my college days. Keep it up!",0
Learning PHP in 2026,"Ah yes, Sure it did, buddy. And I am the Queen of England....",1
Understanding Pointers in C,"Wow, Oh, absolutely. I love measuring my execution time with a calendar.",1
How to center a div in CSS,"Ah yes, Yes, and my HTML code is self-aware now. So brave.",1
Best FxPlug Plugins for Creators,"Lmao, Wow, the user interface is so hidden I need a map to find the timeline. 🙃",1
The new 8GB RAM MacBook Pro in 2026,"Haha, I love replacing my entire motherboard just to upgrade the storage. Just what I needed.",1
Best FxPlug Plugins for Creators,"Oh, Oh good, another subscription model to drain my bank account.",1
Color Grading in Pixelmator Pro,"Haha, Oh good, another subscription model to drain my bank account. 🙄",1
Best street food in Bengaluru,Only 40k rent for a broom closet? What a steal! 🤡,1
Is Web3 the future of the internet?,"Good thorough review, especially the thermal testing. Keep it up!",0
Best FxPlug Plugins for Creators,"Wow, Ah, paying $50 for a plugin that just shakes the screen. Worth it. Masterpiece.",1
Best FxPlug Plugins for Creators,"Truly, My favorite feature is how it eats 64GB of RAM instantly. Just what I needed.",1
Bengaluru Traffic Timelapse (Silk Board),The paneer butter masala at that last spot looked amazing. Definitely visiting next time. 👍,0
Best FxPlug Plugins for Creators,"Wow, I love it when the software crashes right before I hit save. Adds excitement. 🙃",1
Renting a 1BHK in Indiranagar 2026,Awesome. I really miss the weather there. Enjoy it! Thanks for sharing.,0
A day in the life of an MCA student at Presidency University,Great video. The paneer butter masala at that last spot looked amazing. Definitely visiting next time. Keep it up!,0
Why Python is the absolute fastest language,"Wow, Finally got my environment running. Appreciate the clear step-by-step instructions.",0
Final Cut Pro 2026 Full Tutorial,"Brilliant. Wow, the user interface is so hidden I need a map to find the timeline. Just what I needed.",1
Adobe After Effects vs Apple Motion,"Wow, I've been looking for a tutorial on writing custom FxPlug plugins, thank you! 👍",0
Color Grading in Pixelmator Pro,"Haha, Wow, the user interface is so hidden I need a map to find the timeline. Just what I needed.",1
Apple announces new $999 Monitor Stand,"Lmao, I definitely want to pay a $40 gas fee just to like a tweet. Sign me up. 🙃",1
Reviewing the new Raspberry Pi 6,Brilliant. So generous of them! Next year maybe we will get a floppy disk drive too. 🙄,1
Java vs C++ for Competitive Programming,"Thanks! Thanks for the visual diagram, it really helped me understand how the pointers swap. Keep it up!",0
Monsoon arrives in Namma Bengaluru,"Oh, Nothing like a 2-hour commute for a 5km distance to build character.",1
The new 8GB RAM MacBook Pro in 2026,"Brilliant. Ah yes, exactly what I needed: another proprietary port.",1
Reviewing the new Raspberry Pi 6,Awesome. I've been using it for a week and the battery life is insane. Thanks for sharing.,0
Reviewing the new Raspberry Pi 6,"Lmao, Oh wow, paying ₹1.5 Lakhs for 8GB RAM is truly revolutionary. 🙄",1
Adobe After Effects vs Apple Motion,"Haha, Yes, because I definitely needed 400 new transition wipes....",1
Taking a flight from Patna to Bengaluru,Awesome. I really miss the weather there. Enjoy it! 🔥,0
Learning PHP in 2026,"Wow, Sure it did, buddy. And I am the Queen of England....",1
A day in the life of an MCA student at Presidency University,"Wow, Beautiful shots of Cubbon Park. So green! 🔥",0
Best street food in Bengaluru,"Wow, Only 40k rent for a broom closet? What a steal! Masterpiece.",1
Reviewing the new Raspberry Pi 6,So generous of them! Next year maybe we will get a floppy disk drive too. 🤡,1
Why Python is the absolute fastest language,"I agree, Great perspective. Focusing only on what you can control is essential.",0
A day in the life of an MCA student at Presidency University,Great video. Beautiful shots of Cubbon Park. So green!,0
The new 8GB RAM MacBook Pro in 2026,So generous of them! Next year maybe we will get a floppy disk drive too. Just what I needed.,1
A day in the life of an MCA student at Presidency University,I love how the potholes are practically historical landmarks now. 🙄,1
Is Web3 the future of the internet?,"Lmao, I definitely want to pay a $40 gas fee just to like a tweet. Sign me up. Just what I needed.",1
Using Light Theme in VS Code,Awesome. I think Java still holds up incredibly well for large enterprise systems.,0
Final Cut Pro 2026 Full Tutorial,"Thanks! I've been looking for a tutorial on writing custom FxPlug plugins, thank you! Very helpful.",0
Best FxPlug Plugins for Creators,Awesome. Your audio mixing tips at the end were a lifesaver. Very helpful.,0
Final Cut Pro 2026 Full Tutorial,"Wow, The magnetic timeline in FCP makes editing so much faster for my workflow. Thanks for sharing.",0
Apple announces new $999 Monitor Stand,"Lmao, Next they will sell us the screen and keyboard separately. Masterpiece.",1
Taking a flight from Patna to Bengaluru,"Brilliant. Ah, the Venice of India. Time to get my gondola out. So brave.",1
My Code Compiled on the First Try!,Awesome. Great perspective. Focusing only on what you can control is essential.,0
Monsoon arrives in Namma Bengaluru,"I'm moving there next month, this was very informative. 🙏",0
Understanding Pointers in C,"Truly, Amazing. You just invented the `if` statement....",1
A day in the life of an MCA student at Presidency University,"Brilliant. Ah, the Venice of India. Time to get my gondola out.",1
DIY Autonomous Car with LiDAR Sensor,"Lmao, They removed the headphone jack for courage. Truly brave.",1
Best street food in Bengaluru,"Ah yes, Only 40k rent for a broom closet? What a steal!...",1
Why Python is the absolute fastest language,"Oh, Wow, so fast! It only took 3 hours to print Hello World. 🙄",1
Java vs C++ for Competitive Programming,"Haha, Amazing. You just invented the `if` statement. 🙃",1
Color Grading in Pixelmator Pro,"Wow, Oh good, another subscription model to drain my bank account.",1
How to center a div in CSS,"Ah yes, Ah yes, the most unsolved problem in modern physics. 🤡",1
I Built a Machine Learning Model in 5 Minutes,"Ah yes, This tutorial fixed my marriage. So brave.",1
Building a mechanical keyboard from scratch,"Oh, Next they will sell us the screen and keyboard separately. So brave.",1
Reviewing the new Raspberry Pi 6,I definitely want to pay a $40 gas fee just to like a tweet. Sign me up. 🙃,1
DIY Autonomous Car with LiDAR Sensor,"Haha, I love replacing my entire motherboard just to upgrade the storage....",1
Why Python is the absolute fastest language,Brilliant. Great tutorial! I didn't need my retinas anyway. 🙄,1
Color Grading in Pixelmator Pro,"Oh, Oh good, another subscription model to drain my bank account. Masterpiece.",1
Adobe After Effects vs Apple Motion,"Honestly, Your audio mixing tips at the end were a lifesaver. Keep it up!",0
Reviewing the new Raspberry Pi 6,"I agree, Thanks for comparing it with the previous generation. 🔥",0
Deploying to Production on Friday at 5 PM,"Wow, Wow, so fast! It only took 3 hours to print Hello World.",1
A day in the life of an MCA student at Presidency University,"Wow, Beautiful shots of Cubbon Park. So green! 🔥",0
Renting a 1BHK in Indiranagar 2026,"Wow, Great, more IT parks. Exactly what the traffic needed. 🙃",1
Best FxPlug Plugins for Creators,"I agree, This transition pack actually looks very clean and professional. Very helpful.",0
Reviewing the new Raspberry Pi 6,"Truly, Can't wait to buy the charger separately for another $200. 🤡",1
My Code Compiled on the First Try!,Thanks! Great perspective. Focusing only on what you can control is essential. 🙏,0
Taking a flight from Patna to Bengaluru,"Brilliant. Wow, I think I saw a car move three entire inches in that hour. Thrilling pace. 🙄",1
Taking a flight from Patna to Bengaluru,"Truly, Nothing like a 2-hour commute for a 5km distance to build character. Just what I needed.",1
Bengaluru Traffic Timelapse (Silk Board),"Wow, Wow, I think I saw a car move three entire inches in that hour. Thrilling pace. 🙃",1
Renting a 1BHK in Indiranagar 2026,"Wow, Great, more IT parks. Exactly what the traffic needed. 🤡",1
DIY Autonomous Car with LiDAR Sensor,"Oh, Wow, it's 1% faster than last year. Innovation has peaked. 🙃",1
Renting a 1BHK in Indiranagar 2026,"Oh, I love how the potholes are practically historical landmarks now. 🙄",1
Learning PHP in 2026,"Great video. Thanks for the visual diagram, it really helped me understand how the pointers swap. 🙏",0
Color Grading in Pixelmator Pro,"Wow, Oh good, another subscription model to drain my bank account. So brave.",1
Renting a 1BHK in Indiranagar 2026,Great video. I really miss the weather there. Enjoy it! Keep it up!,0
How to center a div in CSS,"Lmao, I'm sure the memory leaks are just 'undocumented features'. Incredible.",1
Renting a 1BHK in Indiranagar 2026,"Brilliant. Great, more IT parks. Exactly what the traffic needed. 🤡",1
Best street food in Bengaluru,"Haha, Wow, I think I saw a car move three entire inches in that hour. Thrilling pace....",1
Final Cut Pro 2026 Full Tutorial,"Honestly, Thanks for the deep dive into Apple Motion, very underrated software. Very helpful.",0
DIY Autonomous Car with LiDAR Sensor,"Wow, Wow, it's 1% faster than last year. Innovation has peaked. Just what I needed.",1
Monsoon arrives in Namma Bengaluru,"Truly, So affordable! I only had to sell one kidney for the deposit.",1
A day in the life of an MCA student at Presidency University,Great video. Love the local culture and vibe of this city. 🙏,0
Apple announces new $999 Monitor Stand,"Wow, I actually like the new design, feels very premium. Very helpful.",0
Learning PHP in 2026,"Truly, Truly groundbreaking to use a nested loop in 2026. Masterpiece.",1
Learning PHP in 2026,Awesome. Finally got my environment running. Appreciate the clear step-by-step instructions.,0
Best street food in Bengaluru,"Truly, The auto driver asked for 500 rupees to cross the street. Fair price. 🙃",1
DIY Autonomous Car with LiDAR Sensor,"Truly, Oh wow, paying ₹1.5 Lakhs for 8GB RAM is truly revolutionary.",1
Reviewing the new Raspberry Pi 6,"Wow, I think it's worth the upgrade if you are coming from an older model.",0
Renting a 1BHK in Indiranagar 2026,"I agree, Can you share the exact location of that Dosa place? 👍",0
My Code Compiled on the First Try!,"Sure it did, buddy. And I am the Queen of England. 🙃",1
Why Python is the absolute fastest language,"Truly, I'm sure the memory leaks are just 'undocumented features'. Incredible.",1
Best FxPlug Plugins for Creators,"Lmao, Oh good, another subscription model to drain my bank account. Masterpiece.",1
Why Python is the absolute fastest language,"Lmao, Wow, so fast! It only took 3 hours to print Hello World.",1
Using Light Theme in VS Code,"Truly, Amazing. You just invented the `if` statement.",1
Best FxPlug Plugins for Creators,"Oh, Rendering this 4K video only took 3 days. Blazing fast. So brave.",1
Why Python is the absolute fastest language,"Haha, Amazing. You just invented the `if` statement. So brave.",1
How to center a div in CSS,"Oh, Sure it did, buddy. And I am the Queen of England.",1
Color Grading in Pixelmator Pro,"Great video. I've been looking for a tutorial on writing custom FxPlug plugins, thank you! 🔥",0
Building a Flask API for my Assignment Tracker,Brilliant. Great tutorial! I didn't need my retinas anyway. Masterpiece.,1
I Built a Machine Learning Model in 5 Minutes,"Brilliant. Sure it did, buddy. And I am the Queen of England. Incredible.",1
Apple announces new $999 Monitor Stand,"Haha, I definitely want to pay a $40 gas fee just to like a tweet. Sign me up. Just what I needed.",1
Final Cut Pro 2026 Full Tutorial,Awesome. The magnetic timeline in FCP makes editing so much faster for my workflow. Thanks for sharing.,0
Apple announces new $999 Monitor Stand,"Haha, So generous of them! Next year maybe we will get a floppy disk drive too. 🙃",1
I Built a Machine Learning Model in 5 Minutes,"I agree, I didn't know about that shortcut, very helpful. 🙏",0
How to center a div in CSS,"Honestly, Finally got my environment running. Appreciate the clear step-by-step instructions. Very helpful.",0
Reviewing the new Raspberry Pi 6,"Oh, Can't wait to buy the charger separately for another $200. 🙃",1
Why Python is the absolute fastest language,"Haha, Because nothing says 'relaxing weekend' like a catastrophic database failure....",1
Reviewing the new Raspberry Pi 6,"Great video. I actually like the new design, feels very premium. Very helpful.",0
Taking a flight from Patna to Bengaluru,"I agree, I really miss the weather there. Enjoy it! Keep it up!",0
Is Web3 the future of the internet?,Awesome. What switches did you use? They sound really smooth. 👍,0
Color Grading in Pixelmator Pro,"Lmao, Wow, the user interface is so hidden I need a map to find the timeline. So brave.",1
DIY Autonomous Car with LiDAR Sensor,"I agree, I think it's worth the upgrade if you are coming from an older model. Thanks for sharing.",0
A day in the life of an MCA student at Presidency University,"Honestly, The biryani you ordered looks fantastic. 👍",0
Monsoon arrives in Namma Bengaluru,"Oh, Wow, I think I saw a car move three entire inches in that hour. Thrilling pace. 🙃",1
Best street food in Bengaluru,"I agree, The paneer butter masala at that last spot looked amazing. Definitely visiting next time. 🙏",0
Final Cut Pro 2026 Full Tutorial,"I agree, Thanks for the deep dive into Apple Motion, very underrated software. 🙏",0
Building a mechanical keyboard from scratch,"I agree, Great camera test! The low light performance is impressive. 🔥",0
How to center a div in CSS,"Ah yes, This tutorial fixed my marriage. So brave.",1
DIY Autonomous Car with LiDAR Sensor,"Honestly, The upgraded processing power makes it perfect for my autonomous drone project. 🙏",0
Taking a flight from Patna to Bengaluru,"Lmao, Ah, the Venice of India. Time to get my gondola out.",1
Reviewing the new Raspberry Pi 6,Awesome. Great camera test! The low light performance is impressive. 🙏,0
Adobe After Effects vs Apple Motion,"Honestly, This transition pack actually looks very clean and professional. 🙏",0
Final Cut Pro 2026 Full Tutorial,"Thanks for the deep dive into Apple Motion, very underrated software. Keep it up!",0
Bengaluru Traffic Timelapse (Silk Board),Thanks! I really miss the weather there. Enjoy it! Thanks for sharing.,0
Bengaluru Traffic Timelapse (Silk Board),"Ah yes, The auto driver asked for 500 rupees to cross the street. Fair price....",1
The new 8GB RAM MacBook Pro in 2026,"Wow, Good thorough review, especially the thermal testing.",0
Learning PHP in 2026,"Haha, I'm sure the memory leaks are just 'undocumented features'. 🙄",1
Final Cut Pro 2026 Full Tutorial,"Haha, I love it when the software crashes right before I hit save. Adds excitement. 🙄",1
Best street food in Bengaluru,"Wow, Only 40k rent for a broom closet? What a steal!...",1
Apple announces new $999 Monitor Stand,Brilliant. I definitely want to pay a $40 gas fee just to like a tweet. Sign me up. 🙄,1
Adobe After Effects vs Apple Motion,Your audio mixing tips at the end were a lifesaver. Keep it up!,0
Adobe After Effects vs Apple Motion,Brilliant. Rendering this 4K video only took 3 days. Blazing fast. 🙄,1
Final Cut Pro 2026 Full Tutorial,"I agree, The new color grading tools are a massive step up from last year. Thanks for sharing.",0
Best FxPlug Plugins for Creators,"I've been looking for a tutorial on writing custom FxPlug plugins, thank you! 🙏",0
DIY Autonomous Car with LiDAR Sensor,Awesome. Thanks for comparing it with the previous generation. Thanks for sharing.,0
How to center a div in CSS,Awesome. Very concise and to the point. Subscribed. Thanks for sharing.,0
Best street food in Bengaluru,"Honestly, Love the local culture and vibe of this city. Thanks for sharing.",0
How to center a div in CSS,Great video. Very concise and to the point. Subscribed. Very helpful.,0
Reviewing the new Raspberry Pi 6,"Oh, Oh wow, paying ₹1.5 Lakhs for 8GB RAM is truly revolutionary. 🙄",1
Learning PHP in 2026,"Wow, Could you do a follow-up video on asynchronous functions? 🙏",0
Best street food in Bengaluru,"Wow, Wow, I think I saw a car move three entire inches in that hour. Thrilling pace. 🙄",1
The new 8GB RAM MacBook Pro in 2026,Thanks! Thanks for comparing it with the previous generation. Keep it up!,0
Why Python is the absolute fastest language,Brilliant. I'm sure the memory leaks are just 'undocumented features'. Incredible.,1
Adobe After Effects vs Apple Motion,Thanks! The magnetic timeline in FCP makes editing so much faster for my workflow. 👍,0
Understanding Pointers in C,"Lmao, Because nothing says 'relaxing weekend' like a catastrophic database failure. Incredible.",1
How to center a div in CSS,"Truly, Ah yes, the most unsolved problem in modern physics. 🙃",1
Adobe After Effects vs Apple Motion,"Brilliant. Oh good, another subscription model to drain my bank account. 🙄",1
Bengaluru Traffic Timelapse (Silk Board),"I agree, The paneer butter masala at that last spot looked amazing. Definitely visiting next time. Thanks for sharing.",0
A day in the life of an MCA student at Presidency University,"Lmao, The auto driver asked for 500 rupees to cross the street. Fair price. 🙃",1
Renting a 1BHK in Indiranagar 2026,Great video. The paneer butter masala at that last spot looked amazing. Definitely visiting next time. Thanks for sharing.,0
Reviewing the new Raspberry Pi 6,"Lmao, They removed the headphone jack for courage. Truly brave. Masterpiece.",1
Best FxPlug Plugins for Creators,"Wow, I've been looking for a tutorial on writing custom FxPlug plugins, thank you! Thanks for sharing.",0
Monsoon arrives in Namma Bengaluru,Awesome. The paneer butter masala at that last spot looked amazing. Definitely visiting next time. 🔥,0
DIY Autonomous Car with LiDAR Sensor,"Oh wow, paying ₹1.5 Lakhs for 8GB RAM is truly revolutionary. 🙄",1
Final Cut Pro 2026 Full Tutorial,"Truly, Rendering this 4K video only took 3 days. Blazing fast....",1
My Code Compiled on the First Try!,"Oh, I copy-pasted this and my computer caught fire. Thanks! Masterpiece.",1
Monsoon arrives in Namma Bengaluru,Awesome. Love the local culture and vibe of this city.,0
Building a mechanical keyboard from scratch,Awesome. Thanks for comparing it with the previous generation. Thanks for sharing.,0
The new 8GB RAM MacBook Pro in 2026,"I agree, I think it's worth the upgrade if you are coming from an older model. 🔥",0
Deploying to Production on Friday at 5 PM,"Truly, This tutorial fixed my marriage....",1
Understanding Pointers in C,"Oh, Great tutorial! I didn't need my retinas anyway. Masterpiece.",1
Taking a flight from Patna to Bengaluru,Awesome. Beautiful shots of Cubbon Park. So green! 🙏,0
Apple announces new $999 Monitor Stand,"Lmao, Can't wait to buy the charger separately for another $200....",1
Using Light Theme in VS Code,"I agree, Great perspective. Focusing only on what you can control is essential. Very helpful.",0
Renting a 1BHK in Indiranagar 2026,"Oh, I enjoy swimming to the campus every July. Incredible.",1
Taking a flight from Patna to Bengaluru,"Oh, I love how the potholes are practically historical landmarks now. Masterpiece.",1
DIY Autonomous Car with LiDAR Sensor,"Wow, I actually like the new design, feels very premium. 🔥",0
Building a Flask API for my Assignment Tracker,"Lmao, Wow, so fast! It only took 3 hours to print Hello World. So brave.",1
Monsoon arrives in Namma Bengaluru,"Wow, Love the local culture and vibe of this city. 🙏",0
Adobe After Effects vs Apple Motion,"Honestly, Your audio mixing tips at the end were a lifesaver. Very helpful.",0
Understanding Pointers in C,"Oh, Because nothing says 'relaxing weekend' like a catastrophic database failure.",1
Color Grading in Pixelmator Pro,"Oh good, another subscription model to drain my bank account.",1
Final Cut Pro 2026 Full Tutorial,Brilliant. My favorite feature is how it eats 64GB of RAM instantly....,1
Apple announces new $999 Monitor Stand,"Wow, Great camera test! The low light performance is impressive. Keep it up!",0
Renting a 1BHK in Indiranagar 2026,"Wow, Great vlog! Brings back memories from my college days. Very helpful.",0
Building a Flask API for my Assignment Tracker,"Honestly, I prefer using Docker for this, but your method works great too. 🙏",0
Using Light Theme in VS Code,Brilliant. Because nothing says 'relaxing weekend' like a catastrophic database failure. Masterpiece.,1
How to center a div in CSS,"Wow, Ah yes, the most unsolved problem in modern physics. 🙄",1
Apple announces new $999 Monitor Stand,"Awesome. I actually like the new design, feels very premium. 🔥",0
Understanding Pointers in C,"Great video. I prefer using Docker for this, but your method works great too. Thanks for sharing.",0
Renting a 1BHK in Indiranagar 2026,The biryani you ordered looks fantastic.,0
Building a Flask API for my Assignment Tracker,"Thanks! I didn't know about that shortcut, very helpful. 👍",0
Why Python is the absolute fastest language,"Honestly, Very concise and to the point. Subscribed. 🙏",0
Why Python is the absolute fastest language,"Haha, Truly groundbreaking to use a nested loop in 2026.",1
Java vs C++ for Competitive Programming,"Ah yes, Yes, and my HTML code is self-aware now. Incredible.",1
Apple announces new $999 Monitor Stand,"Wow, I think it's worth the upgrade if you are coming from an older model. 🙏",0
Best FxPlug Plugins for Creators,"Haha, My favorite feature is how it eats 64GB of RAM instantly. 🙄",1
DIY Autonomous Car with LiDAR Sensor,"Honestly, Good thorough review, especially the thermal testing. 🙏",0
Is Web3 the future of the internet?,"I agree, I think it's worth the upgrade if you are coming from an older model. 🔥",0
Best street food in Bengaluru,The metro extension is really helping with the commute. Thanks for sharing.,0
Renting a 1BHK in Indiranagar 2026,"Truly, Nothing like a 2-hour commute for a 5km distance to build character.",1
My Code Compiled on the First Try!,"I agree, I prefer using Docker for this, but your method works great too. 🔥",0
Building a Flask API for my Assignment Tracker,"Honestly, I didn't know about that shortcut, very helpful. 🙏",0
Best street food in Bengaluru,Great video. Can you share the exact location of that Dosa place? Thanks for sharing.,0
I Built a Machine Learning Model in 5 Minutes,"Yes, and my HTML code is self-aware now. 🙃",1
Reviewing the new Raspberry Pi 6,"Oh, Oh wow, paying ₹1.5 Lakhs for 8GB RAM is truly revolutionary. So brave.",1
Best street food in Bengaluru,"Ah yes, Only 40k rent for a broom closet? What a steal! Masterpiece.",1
The new 8GB RAM MacBook Pro in 2026,I definitely want to pay a $40 gas fee just to like a tweet. Sign me up. 🙄,1
DIY Autonomous Car with LiDAR Sensor,Thanks! The upgraded processing power makes it perfect for my autonomous drone project. Very helpful.,0
Apple announces new $999 Monitor Stand,"Finally, a reasonably priced piece of metal. My desk was feeling too cheap. Incredible.",1
Best street food in Bengaluru,"Truly, The auto driver asked for 500 rupees to cross the street. Fair price. Just what I needed.",1
Best street food in Bengaluru,Nothing like a 2-hour commute for a 5km distance to build character. Just what I needed.,1
Bengaluru Traffic Timelapse (Silk Board),Awesome. Beautiful shots of Cubbon Park. So green! 👍,0
Best street food in Bengaluru,"Lmao, Wow, I think I saw a car move three entire inches in that hour. Thrilling pace. Masterpiece.",1
Apple announces new $999 Monitor Stand,"Haha, So generous of them! Next year maybe we will get a floppy disk drive too. Just what I needed.",1
Final Cut Pro 2026 Full Tutorial,Brilliant. Rendering this 4K video only took 3 days. Blazing fast....,1
Reviewing the new Raspberry Pi 6,"Brilliant. Finally, a reasonably priced piece of metal. My desk was feeling too cheap. Incredible.",1
Adobe After Effects vs Apple Motion,"I've been looking for a tutorial on writing custom FxPlug plugins, thank you! 🙏",0
Renting a 1BHK in Indiranagar 2026,"Wow, Nothing like a 2-hour commute for a 5km distance to build character. Incredible.",1
Best street food in Bengaluru,"Truly, Ah yes, paying for a premium flight just to sit on the tarmac for 2 hours.",1
Final Cut Pro 2026 Full Tutorial,Great video. This transition pack actually looks very clean and professional. Thanks for sharing.,0
The new 8GB RAM MacBook Pro in 2026,"Lmao, Next they will sell us the screen and keyboard separately. Masterpiece.",1
Deploying to Production on Friday at 5 PM,"Oh, Sure it did, buddy. And I am the Queen of England. So brave.",1
Building a mechanical keyboard from scratch,"I agree, What switches did you use? They sound really smooth. Keep it up!",0
The new 8GB RAM MacBook Pro in 2026,"Wow, Thanks for comparing it with the previous generation. 🙏",0
Final Cut Pro 2026 Full Tutorial,"Lmao, Yes, because I definitely needed 400 new transition wipes. 🤡",1
Color Grading in Pixelmator Pro,"Brilliant. Yes, because I definitely needed 400 new transition wipes. 🙃",1
Taking a flight from Patna to Bengaluru,"Wow, The auto driver asked for 500 rupees to cross the street. Fair price. 🙄",1
DIY Autonomous Car with LiDAR Sensor,"I agree, Good thorough review, especially the thermal testing. Keep it up!",0
My Code Compiled on the First Try!,"Wow, Very concise and to the point. Subscribed. Very helpful.",0
Monsoon arrives in Namma Bengaluru,Awesome. Beautiful shots of Cubbon Park. So green! 🙏,0
Building a Flask API for my Assignment Tracker,"Wow, I prefer using Docker for this, but your method works great too. Thanks for sharing.",0
DIY Autonomous Car with LiDAR Sensor,"I agree, Thanks for comparing it with the previous generation. 👍",0
Taking a flight from Patna to Bengaluru,Thanks! Love the local culture and vibe of this city. 🔥,0
Final Cut Pro 2026 Full Tutorial,"Truly, Yes, because I definitely needed 400 new transition wipes. 🙃",1
Is Web3 the future of the internet?,Awesome. Great camera test! The low light performance is impressive. Very helpful.,0
Best street food in Bengaluru,"Wow, The paneer butter masala at that last spot looked amazing. Definitely visiting next time. 👍",0
Monsoon arrives in Namma Bengaluru,Brilliant. So affordable! I only had to sell one kidney for the deposit. 🤡,1
Final Cut Pro 2026 Full Tutorial,"Honestly, I've been looking for a tutorial on writing custom FxPlug plugins, thank you! Keep it up!",0
A day in the life of an MCA student at Presidency University,Great video. Love the local culture and vibe of this city. 👍,0
Taking a flight from Patna to Bengaluru,Thanks! I really miss the weather there. Enjoy it! 👍,0
DIY Autonomous Car with LiDAR Sensor,So generous of them! Next year maybe we will get a floppy disk drive too. 🤡,1
The new 8GB RAM MacBook Pro in 2026,Awesome. I think it's worth the upgrade if you are coming from an older model. Thanks for sharing.,0
Color Grading in Pixelmator Pro,"Wow, the user interface is so hidden I need a map to find the timeline. Just what I needed.",1
Learning PHP in 2026,"Great video. Thanks for the visual diagram, it really helped me understand how the pointers swap. Thanks for sharing.",0
Adobe After Effects vs Apple Motion,Brilliant. My favorite feature is how it eats 64GB of RAM instantly. So brave.,1
Best FxPlug Plugins for Creators,"Truly, Ah, paying $50 for a plugin that just shakes the screen. Worth it. So brave.",1
Adobe After Effects vs Apple Motion,"Honestly, I've been looking for a tutorial on writing custom FxPlug plugins, thank you! Thanks for sharing.",0
Renting a 1BHK in Indiranagar 2026,Beautiful shots of Cubbon Park. So green! Keep it up!,0
I Built a Machine Learning Model in 5 Minutes,"Wow, Could you do a follow-up video on asynchronous functions? Very helpful.",0
Reviewing the new Raspberry Pi 6,"Wow, Great camera test! The low light performance is impressive. Thanks for sharing.",0
Final Cut Pro 2026 Full Tutorial,"I agree, Your audio mixing tips at the end were a lifesaver. Keep it up!",0
Deploying to Production on Friday at 5 PM,Great video. This is the most straightforward explanation I have ever seen. Very helpful.,0
Renting a 1BHK in Indiranagar 2026,"Wow, Beautiful shots of Cubbon Park. So green! Keep it up!",0
Final Cut Pro 2026 Full Tutorial,"Great video. I've been looking for a tutorial on writing custom FxPlug plugins, thank you! 👍",0
Best street food in Bengaluru,"Lmao, Wow, I think I saw a car move three entire inches in that hour. Thrilling pace....",1
Adobe After Effects vs Apple Motion,Thanks! Pixelmator Pro is seriously giving Adobe a run for their money.,0
Building a mechanical keyboard from scratch,"Truly, Finally, a reasonably priced piece of metal. My desk was feeling too cheap. Masterpiece.",1
Bengaluru Traffic Timelapse (Silk Board),"Honestly, Great vlog! Brings back memories from my college days. Keep it up!",0
Understanding Pointers in C,"Great video. Thanks for the visual diagram, it really helped me understand how the pointers swap. Very helpful.",0
Is Web3 the future of the internet?,Great video. I've been using it for a week and the battery life is insane. Very helpful.,0
Taking a flight from Patna to Bengaluru,Brilliant. Nothing like a 2-hour commute for a 5km distance to build character....,1
Best FxPlug Plugins for Creators,The new color grading tools are a massive step up from last year. Thanks for sharing.,0
How to center a div in CSS,"Honestly, This saved me hours of debugging my MCA assignment, thank you so much! 🙏",0
